,userId,delta_reg_last_time,avg(dayTime),avg(sessionTime),mean_songs,mean_artists,mean_inter,gender,ratio404,level,avg(NextSong),avg(Submit Downgrade),avg(Thumbs Down),avg(Home),avg(Downgrade),avg(Roll Advert),avg(Logout),avg(Save Settings),avg(About),avg(Settings),avg(Add to Playlist),avg(Add Friend),avg(Thumbs Up),avg(Help),avg(Upgrade),avg(Error),avg(Submit Upgrade),churn_cancel
0,100010,4807612000,9269000.0,9269000.0,39.285714285714285,38.57142857142857,54.42857142857143,1,,0,0.7217847769028871,0.0,0.013123359580052493,0.028871391076115485,0.0,0.13648293963254593,0.013123359580052493,0.0,0.0026246719160104987,0.0,0.01837270341207349,0.010498687664041995,0.04461942257217848,0.005249343832020997,0.005249343832020997,0.0,0.0,0
1,200002,6054448000,11924250.0,15984000.0,64.5,62.166666666666664,79.0,0,,1,0.8164556962025317,0.0,0.012658227848101266,0.04219409282700422,0.010548523206751054,0.014767932489451477,0.010548523206751054,0.0,0.006329113924050633,0.006329113924050633,0.016877637130801686,0.008438818565400843,0.04430379746835443,0.004219409282700422,0.004219409282700422,0.0,0.002109704641350211,0
2,125,6161779000,1774000.0,1774000.0,8.0,8.0,11.0,0,,0,0.7272727272727273,0.0,0.0,0.0,0.0,0.09090909090909091,0.0,0.0,0.0,0.0,0.0,0.0,0.0,0.0,0.0,0.0,0.0,1
3,124,11366431000,35401138.88888889,34739655.172413796,145.67857142857142,132.25,166.3793103448276,1,0.0013428827215756492,1,0.8453886010362694,0.0,0.00849740932642487,0.036476683937823835,0.00849740932642487,0.0008290155440414508,0.0122279792746114,0.001243523316062176,0.001450777202072539,0.004145077720207254,0.0244559585492228,0.01533678756476684,0.03544041450777202,0.004766839378238342,0.0,0.001243523316062176,0.0,0
4,51,1680985000,40652571.428571425,52341400.0,211.1,188.2,246.4,0,0.00043706293706293706,1,0.856737012987013,0.0,0.008522727272727272,0.030438311688311688,0.009334415584415584,0.0,0.00974025974025974,0.00040584415584415587,0.0008116883116883117,0.00487012987012987,0.021103896103896104,0.011363636363636364,0.040584415584415584,0.00487012987012987,0.0,0.00040584415584415587,0.0,1
5,7,6288035000,5258428.571428572,5258428.571428572,21.428571428571427,21.0,28.714285714285715,0,0.0053475935828877,0,0.746268656716418,0.0,0.004975124378109453,0.04975124378109453,0.0,0.07960199004975124,0.014925373134328358,0.004975124378109453,0.0,0.014925373134328358,0.024875621890547265,0.004975124378109453,0.03482587064676617,0.004975124378109453,0.009950248756218905,0.004975124378109453,0.0,0
6,15,4882773000,30667166.666666668,31697000.0,136.71428571428572,128.07142857142858,151.86666666666667,0,0.000942951438000943,1,0.8402107111501317,0.0,0.006145741878841089,0.040825285338015806,0.012291483757682178,0.0004389815627743635,0.011852502194907815,0.000877963125548727,0.000877963125548727,0.007023705004389816,0.025899912203687446,0.013608428446005268,0.03555750658472344,0.003511852502194908,0.0,0.000877963125548727,0.0,0
7,54,9568946000,38904645.161290325,19337378.37837838,81.17142857142858,76.42857142857143,92.89189189189189,1,0.0003155569580309246,1,0.826592958975851,0.0002909514111143439,0.008437590922315974,0.03753273203375036,0.011347105033459412,0.013674716322374164,0.01047425080011638,0.0008728542333430317,0.0014547570555717194,0.004946173988943846,0.02094850160023276,0.009601396566773349,0.04742508001163805,0.004946173988943846,0.0002909514111143439,0.0002909514111143439,0.0002909514111143439,1
8,155,2035240000,28571500.0,32914333.333333332,136.66666666666666,126.83333333333333,167.0,1,0.003289473684210526,1,0.8183632734530938,0.0,0.0029940119760479044,0.029940119760479042,0.011976047904191617,0.007984031936127744,0.013972055888223553,0.0,0.001996007984031936,0.00499001996007984,0.023952095808383235,0.010978043912175649,0.05788423153692615,0.008982035928143712,0.001996007984031936,0.0029940119760479044,0.000998003992015968,0
9,100014,7351206000,11088833.333333334,11088833.333333334,42.833333333333336,42.0,51.666666666666664,0,,1,0.8290322580645161,0.0,0.00967741935483871,0.02258064516129032,0.00967741935483871,0.0064516129032258064,0.00967741935483871,0.0,0.0,0.0032258064516129032,0.02258064516129032,0.01935483870967742,0.054838709677419356,0.0064516129032258064,0.0,0.0,0.0,1
10,132,5779219000,24345363.636363637,29937062.5,120.5,110.75,144.0,1,0.0014231499051233396,1,0.8368055555555556,0.0,0.007378472222222222,0.03602430555555555,0.008246527777777778,0.0008680555555555555,0.014756944444444444,0.001736111111111111,0.001736111111111111,0.007378472222222222,0.016493055555555556,0.017795138888888888,0.041666666666666664,0.006944444444444444,0.00043402777777777775,0.0013020833333333333,0.00043402777777777775,0
11,154,2062544000,6641000.0,6641000.0,28.0,27.0,39.333333333333336,1,,0,0.711864406779661,0.0,0.0,0.05084745762711865,0.0,0.0847457627118644,0.01694915254237288,0.0,0.0,0.0,0.00847457627118644,0.025423728813559324,0.09322033898305085,0.00847457627118644,0.0,0.0,0.0,0
12,101,4662657000,43670076.92307692,49054800.0,179.7,159.0,214.9,0,0.001509813789632612,1,0.8362028850628199,0.0,0.007445323406235459,0.034434620753839,0.010237319683573755,0.0037226617031177293,0.011167985109353188,0.0009306654257794323,0.0009306654257794323,0.004187994416007445,0.028385295486272687,0.013494648673801768,0.04001861330851559,0.005583992554676594,0.00046533271288971617,0.0013959981386691485,0.00046533271288971617,1
13,11,10754921000,9892187.5,9682625.0,40.4375,39.0,53.0,1,0.00129366106080207,1,0.7629716981132075,0.0011792452830188679,0.01061320754716981,0.04363207547169811,0.00589622641509434,0.045990566037735846,0.01650943396226415,0.0023584905660377358,0.008254716981132075,0.007075471698113208,0.02358490566037736,0.007075471698113208,0.04716981132075472,0.003537735849056604,0.01061320754716981,0.0011792452830188679,0.0023584905660377358,0
14,138,5756546000,29268421.05263158,33853600.0,138.0,122.06666666666666,164.6,0,0.000437636761487965,1,0.8383961117861483,0.0,0.009720534629404616,0.02875658161198866,0.00850546780072904,0.00688537869582827,0.007290400972053463,0.0016200891049007696,0.0032401782098015392,0.00688537869582827,0.02713649250708789,0.01660591332523289,0.03847711624139328,0.005265289590927501,0.0004050222762251924,0.0004050222762251924,0.0004050222762251924,0
15,300017,6424576000,29414959.18367347,13999444.444444444,59.540983606557376,57.049180327868854,70.28571428571429,1,0.0012547051442910915,1,0.8202348690153568,0.0,0.006323396567299007,0.034101174345076785,0.005645889792231256,0.0024841915085817524,0.009259259259259259,0.0006775067750677507,0.0006775067750677507,0.005194218608852755,0.025519421860885277,0.014227642276422764,0.06842818428184282,0.006097560975609756,0.0,0.001129177958446251,0.0,0
16,100021,5593438000,12913600.0,12913600.0,46.0,43.6,63.8,0,0.006993006993006993,0,0.7210031347962382,0.0,0.01567398119122257,0.047021943573667714,0.0,0.09404388714733543,0.0219435736677116,0.0,0.003134796238244514,0.0,0.0219435736677116,0.0219435736677116,0.034482758620689655,0.0,0.006269592476489028,0.006269592476489028,0.0,1
17,29,5192990000,39111896.551724136,21945411.76470588,89.05882352941177,81.79411764705883,105.97058823529412,0,,1,0.8404107688037746,0.0,0.006106022758812101,0.03358312517346656,0.004995836802664446,0.006106022758812101,0.011379406050513461,0.0011101859561476548,0.0005550929780738274,0.00527338329170136,0.02470163752428532,0.013044684984734944,0.04274215931168471,0.007771301693033583,0.0013877324451845685,0.0,0.0002775464890369137,1
18,69,6171072000,23611166.666666668,31601111.111111112,125.0,115.66666666666667,149.11111111111111,1,0.0032441200324412004,1,0.8383010432190761,0.0,0.0067064083457526085,0.03651266766020864,0.0067064083457526085,0.0022354694485842027,0.007451564828614009,0.0007451564828614009,0.0022354694485842027,0.0022354694485842027,0.02459016393442623,0.00894187779433681,0.05365126676602087,0.005216095380029807,0.0007451564828614009,0.0029806259314456036,0.0007451564828614009,0
19,112,7556771000,11386875.0,5067100.0,23.88888888888889,23.555555555555557,29.2,0,,0,0.7363013698630136,0.0,0.010273972602739725,0.0547945205479452,0.0,0.07191780821917808,0.010273972602739725,0.010273972602739725,0.003424657534246575,0.0136986301369863,0.023972602739726026,0.023972602739726026,0.030821917808219176,0.003424657534246575,0.00684931506849315,0.0,0.0,0
20,42,5798619000,32183488.888888888,19773765.95744681,87.14634146341463,82.8780487804878,90.57446808510639,1,0.0017699115044247787,1,0.8393234672304439,0.0,0.005872680291284942,0.041343669250646,0.008691566831101715,0.002349072116513977,0.0103359173126615,0.001644350481559784,0.0014094432699083862,0.006577401926239136,0.02443035001174536,0.01221517500587268,0.03899459713413202,0.004698144233027954,0.0002349072116513977,0.001644350481559784,0.0002349072116513977,0
21,73,4299444000,23627600.0,15545500.0,62.833333333333336,60.333333333333336,76.16666666666667,1,0.0024154589371980675,1,0.824945295404814,0.0,0.015317286652078774,0.03282275711159737,0.002188183807439825,0.002188183807439825,0.015317286652078774,0.002188183807439825,0.002188183807439825,0.00437636761487965,0.024070021881838075,0.024070021881838075,0.030634573304157548,0.0087527352297593,0.002188183807439825,0.002188183807439825,0.002188183807439825,1
22,87,5108474000,24678937.5,7537240.0,30.68,30.16,40.12,0,,1,0.7647058823529411,0.0,0.004985044865403789,0.05583250249252243,0.0009970089730807576,0.049850448654037885,0.018943170488534396,0.0,0.0009970089730807576,0.007976071784646061,0.018943170488534396,0.026919242273180457,0.031904287138584245,0.007976071784646061,0.006979062811565304,0.0,0.0009970089730807576,1
23,200010,3295511000,19619800.0,9789833.333333334,39.5,37.666666666666664,52.833333333333336,1,0.0035971223021582736,0,0.7476340694006309,0.0,0.022082018927444796,0.04416403785488959,0.0,0.05362776025236593,0.028391167192429023,0.0,0.0,0.0031545741324921135,0.015772870662460567,0.025236593059936908,0.04416403785488959,0.0031545741324921135,0.00946372239747634,0.0031545741324921135,0.0,0
24,64,4246771000,3599666.6666666665,3599666.6666666665,15.333333333333334,15.333333333333334,22.666666666666668,0,,0,0.6764705882352942,0.0,0.0,0.10294117647058823,0.0,0.014705882352941176,0.04411764705882353,0.0,0.0,0.0,0.014705882352941176,0.07352941176470588,0.058823529411764705,0.014705882352941176,0.0,0.0,0.0,0
25,3,6989352000,11716600.0,14845500.0,53.5,52.0,63.5,0,,1,0.84251968503937,0.0,0.011811023622047244,0.031496062992125984,0.007874015748031496,0.003937007874015748,0.011811023622047244,0.0,0.003937007874015748,0.0,0.015748031496062992,0.003937007874015748,0.05511811023622047,0.003937007874015748,0.0,0.0,0.0,1
26,113,10673113000,22012666.666666668,16410625.0,68.91304347826087,66.34782608695652,78.95833333333333,1,0.0017201834862385322,1,0.8364116094986808,0.0,0.0063324538258575196,0.03799472295514512,0.008443271767810026,0.0005277044854881266,0.00949868073878628,0.0015831134564643799,0.0005277044854881266,0.004221635883905013,0.026385224274406333,0.016886543535620052,0.04327176781002638,0.0036939313984168864,0.0021108179419525065,0.0015831134564643799,0.0005277044854881266,0
27,30,5448958000,18037785.714285713,11015656.25,50.607142857142854,47.92857142857143,55.46875,0,0.0006071645415907711,1,0.7983098591549296,0.0005633802816901409,0.009577464788732394,0.03943661971830986,0.0033802816901408453,0.04056338028169014,0.011267605633802818,0.0005633802816901409,0.0016901408450704226,0.007323943661971831,0.02647887323943662,0.014084507042253521,0.03492957746478873,0.0028169014084507044,0.007887323943661971,0.0005633802816901409,0.0005633802816901409,0
28,34,6146751000,4105333.3333333335,4105333.3333333335,17.666666666666668,17.666666666666668,24.333333333333332,0,,0,0.726027397260274,0.0,0.0,0.1095890410958904,0.0,0.0410958904109589,0.0410958904109589,0.0,0.0,0.0,0.0547945205479452,0.0,0.0273972602739726,0.0,0.0,0.0,0.0,0
29,133,3445644000,10432000.0,10432000.0,32.0,32.0,44.0,0,,0,0.7272727272727273,0.0,0.0,0.06818181818181818,0.0,0.022727272727272728,0.045454545454545456,0.0,0.0,0.0,0.06818181818181818,0.022727272727272728,0.045454545454545456,0.0,0.0,0.0,0.0,0
30,59,5581918000,23978375.0,27436857.14285714,120.66666666666667,114.0,124.57142857142857,0,0.004993757802746567,1,0.8302752293577982,0.0011467889908256881,0.010321100917431193,0.03784403669724771,0.010321100917431193,0.01261467889908257,0.010321100917431193,0.0,0.0,0.0045871559633027525,0.016055045871559634,0.01834862385321101,0.034403669724770644,0.0034403669724770644,0.0034403669724770644,0.0045871559633027525,0.0022935779816513763,0
31,139,7553388000,18781000.0,23534250.0,94.25,90.0,114.25,0,0.0023752969121140144,1,0.824945295404814,0.0,0.010940919037199124,0.03938730853391685,0.019693654266958426,0.002188183807439825,0.010940919037199124,0.0,0.002188183807439825,0.0,0.028446389496717725,0.01312910284463895,0.03938730853391685,0.002188183807439825,0.002188183807439825,0.002188183807439825,0.002188183807439825,0
32,146,7465707000,13212176.470588235,9529470.588235294,38.23529411764706,36.94117647058823,49.23529411764706,0,0.0012970168612191958,0,0.7765830346475507,0.0,0.010752688172043012,0.035842293906810034,0.0,0.06690561529271206,0.010752688172043012,0.0,0.0011947431302270011,0.0047789725209080045,0.015531660692951015,0.010752688172043012,0.04540023894862605,0.007168458781362007,0.013142174432497013,0.0011947431302270011,0.0,0
33,8,9935817000,6784444.444444444,8812857.142857144,35.857142857142854,34.857142857142854,47.714285714285715,1,0.006666666666666667,0,0.7514970059880239,0.0,0.008982035928143712,0.06287425149700598,0.0,0.05389221556886228,0.023952095808383235,0.0,0.0029940119760479044,0.0,0.017964071856287425,0.014970059880239521,0.04790419161676647,0.0,0.008982035928143712,0.005988023952095809,0.0,0
34,22,5312694000,3199000.0,3199000.0,14.0,14.0,20.0,1,,0,0.7,0.0,0.0,0.05,0.0,0.1,0.0,0.0,0.0,0.0,0.0,0.075,0.075,0.0,0.0,0.0,0.0,0
35,28,3828767000,32595500.0,17123904.76190476,76.6842105263158,72.26315789473684,84.80952380952381,1,0.000612369871402327,1,0.8180797304884896,0.0,0.012352610892756879,0.0364963503649635,0.008422234699606962,0.014598540145985401,0.01347557551937114,0.0,0.0016844469399213925,0.003368893879842785,0.02807411566535654,0.011229646266142616,0.04435710275126333,0.0039303761931499155,0.0016844469399213925,0.0005614823133071309,0.0005614823133071309,1
36,300018,8022536000,21088777.777777776,14608107.142857144,63.07692307692308,59.57692307692308,73.07142857142857,0,0.001095290251916758,1,0.8015640273704789,0.0,0.011730205278592375,0.04105571847507331,0.004398826979472141,0.001466275659824047,0.011730205278592375,0.0009775171065493646,0.001466275659824047,0.005865102639296188,0.028347996089931573,0.01710654936461388,0.06451612903225806,0.007820136852394917,0.0004887585532746823,0.0009775171065493646,0.0004887585532746823,0
37,300012,12960386000,25725571.42857143,22590428.57142857,91.71428571428571,86.85714285714286,112.28571428571429,0,,1,0.816793893129771,0.0,0.008905852417302799,0.035623409669211195,0.003816793893129771,0.005089058524173028,0.005089058524173028,0.001272264631043257,0.0,0.006361323155216285,0.017811704834605598,0.020356234096692113,0.06615776081424936,0.008905852417302799,0.002544529262086514,0.0,0.001272264631043257,0
38,100022,4140310000,13633368.421052631,8176100.0,34.05,32.65,48.2,1,0.0011494252873563218,0,0.7064315352697096,0.0,0.02074688796680498,0.038381742738589214,0.0,0.11929460580912864,0.014522821576763486,0.002074688796680498,0.001037344398340249,0.008298755186721992,0.014522821576763486,0.011410788381742738,0.046680497925311204,0.006224066390041493,0.007261410788381743,0.001037344398340249,0.0,1
39,85,9469832000,28258878.048780486,22250780.48780488,90.4,83.625,106.58536585365853,0,0.0004977600796416127,1,0.8274599542334096,0.0004576659038901602,0.008695652173913044,0.03592677345537757,0.009610983981693364,0.007551487414187643,0.012356979405034324,0.0006864988558352403,0.0013729977116704805,0.005720823798627002,0.02471395881006865,0.013272311212814645,0.043935926773455376,0.005491990846681922,0.0016018306636155606,0.0004576659038901602,0.0006864988558352403,0
40,16,6946871000,15306545.454545455,18762555.555555556,75.0,71.11111111111111,91.0,1,,1,0.8241758241758241,0.0,0.004884004884004884,0.031746031746031744,0.008547008547008548,0.014652014652014652,0.01098901098901099,0.0,0.001221001221001221,0.002442002442002442,0.0231990231990232,0.01221001221001221,0.05128205128205128,0.009768009768009768,0.003663003663003663,0.0,0.001221001221001221,0
41,35,6520037000,20816787.87878788,10443552.631578946,44.72222222222222,42.44444444444444,52.76315789473684,1,0.0016163793103448276,0,0.8029925187032418,0.000997506234413965,0.006982543640897756,0.04488778054862843,0.004987531172069825,0.02743142144638404,0.012468827930174564,0.0004987531172069825,0.0024937655860349127,0.003491271820448878,0.03192019950124688,0.015461346633416459,0.03541147132169576,0.004488778054862843,0.0029925187032418953,0.0014962593516209476,0.000997506234413965,0
42,52,8834302000,14917450.0,19980933.333333332,72.4,67.93333333333334,90.86666666666666,1,,1,0.7967718268525312,0.0,0.006603081438004402,0.03961848862802641,0.007336757153338224,0.02127659574468085,0.014673514306676448,0.001467351430667645,0.00293470286133529,0.008070432868672046,0.02421129860601614,0.029347028613352897,0.03961848862802641,0.005135730007336757,0.0022010271460014674,0.0,0.0007336757153338225,0
43,300008,7819780000,21674210.52631579,19195500.0,77.38888888888889,73.22222222222223,92.88888888888889,1,0.0019973368841544607,1,0.8331339712918661,0.0,0.009569377990430622,0.028708133971291867,0.0011961722488038277,0.0005980861244019139,0.010167464114832535,0.0,0.0011961722488038277,0.0023923444976076554,0.025717703349282296,0.01375598086124402,0.06638755980861244,0.005382775119617225,0.0,0.0017942583732057417,0.0,0
44,71,4558566000,16049500.0,16049500.0,66.0,64.0,82.25,0,0.003389830508474576,1,0.8024316109422492,0.0,0.0121580547112462,0.0364741641337386,0.00911854103343465,0.0182370820668693,0.015197568389057751,0.0,0.00303951367781155,0.0,0.015197568389057751,0.02735562310030395,0.0425531914893617,0.00303951367781155,0.00911854103343465,0.00303951367781155,0.00303951367781155,0
45,300013,7750533000,11930142.857142856,13951000.0,55.833333333333336,52.666666666666664,68.5,0,,1,0.8150851581508516,0.0,0.004866180048661801,0.029197080291970802,0.0072992700729927005,0.0,0.004866180048661801,0.0,0.0,0.004866180048661801,0.0170316301703163,0.019464720194647202,0.09245742092457421,0.004866180048661801,0.0,0.0,0.0,0
46,98,5478591000,30343703.703703705,22230821.42857143,85.75,79.96428571428571,103.25,0,0.0011269722013523666,1,0.8305084745762712,0.0,0.007609823590453131,0.039778623313732275,0.008647526807333102,0.010377032168799724,0.01349014181943964,0.0013836042891732965,0.0010377032168799724,0.004496713939813214,0.020062262193012798,0.015565548253199585,0.039778623313732275,0.005188516084399862,0.0006918021445866483,0.0010377032168799724,0.0003459010722933241,0
47,100008,5894948000,21049000.0,31695166.666666668,128.66666666666666,116.66666666666667,156.66666666666666,1,,0,0.8212765957446808,0.0010638297872340426,0.006382978723404255,0.02553191489361702,0.010638297872340425,0.02127659574468085,0.007446808510638298,0.0,0.0031914893617021275,0.0031914893617021275,0.031914893617021274,0.018085106382978722,0.039361702127659576,0.006382978723404255,0.00425531914893617,0.0,0.0,0
48,47,11377599000,4240909.090909091,5236777.777777778,25.25,25.0,27.88888888888889,0,,0,0.8047808764940239,0.0,0.00796812749003984,0.043824701195219126,0.0,0.05976095617529881,0.01593625498007968,0.0,0.0,0.01195219123505976,0.01195219123505976,0.0,0.0398406374501992,0.00398406374501992,0.0,0.0,0.0,0
49,99,11491294000,17274500.0,11429818.181818182,45.90909090909091,44.09090909090909,55.81818181818182,1,,1,0.8224755700325733,0.0,0.008143322475570033,0.03908794788273615,0.003257328990228013,0.016286644951140065,0.014657980456026058,0.0,0.003257328990228013,0.004885993485342019,0.017915309446254073,0.019543973941368076,0.043973941368078175,0.0016286644951140066,0.003257328990228013,0.0,0.0016286644951140066,0
50,100025,7673583000,16268375.0,18695571.42857143,70.0,64.0,89.0,1,0.0017241379310344827,0,0.7865168539325843,0.0016051364365971107,0.011235955056179775,0.04975922953451043,0.008025682182985553,0.048154093097913325,0.011235955056179775,0.004815409309791332,0.0016051364365971107,0.011235955056179775,0.014446227929373997,0.004815409309791332,0.03210272873194221,0.008025682182985553,0.0016051364365971107,0.0016051364365971107,0.0,1
51,107,6412544000,12255400.0,15378750.0,61.5,58.75,78.75,1,,0,0.780952380952381,0.0,0.006349206349206349,0.03492063492063492,0.0,0.06031746031746032,0.015873015873015872,0.0031746031746031746,0.0,0.0031746031746031746,0.031746031746031744,0.006349206349206349,0.044444444444444446,0.0,0.012698412698412698,0.0,0.0,0
52,110,5908298000,11588200.0,11588200.0,35.6,34.8,47.0,0,,0,0.7574468085106383,0.0,0.00851063829787234,0.0425531914893617,0.0,0.07234042553191489,0.00851063829787234,0.0,0.00425531914893617,0.00425531914893617,0.01276595744680851,0.029787234042553193,0.059574468085106386,0.0,0.0,0.0,0.0,0
53,300006,7735814000,13192800.0,13192800.0,55.8,54.0,75.8,0,,1,0.7361477572559367,0.0,0.0079155672823219,0.044854881266490766,0.005277044854881266,0.036939313984168866,0.018469656992084433,0.0,0.002638522427440633,0.005277044854881266,0.018469656992084433,0.044854881266490766,0.06068601583113457,0.0079155672823219,0.0079155672823219,0.0,0.002638522427440633,0
54,300002,10747287000,20147190.476190478,22369500.0,89.44444444444444,80.11111111111111,108.94444444444444,1,0.0005665722379603399,1,0.8210096889342172,0.0005099439061703213,0.0056093829678735335,0.02804691483936767,0.00407955124936257,0.002039775624681285,0.006119326874043855,0.0005099439061703213,0.0010198878123406426,0.005099439061703213,0.02906680265170831,0.014278429372768995,0.07139214686384497,0.00815910249872514,0.0015298317185109638,0.0005099439061703213,0.0010198878123406426,0
55,96,6388130000,22950217.391304348,23542157.89473684,94.84210526315789,86.10526315789474,114.52631578947368,1,0.0010045203415369162,1,0.828125,0.00045955882352941176,0.011029411764705883,0.03262867647058824,0.009191176470588236,0.0078125,0.011029411764705883,0.00045955882352941176,0.0013786764705882354,0.0059742647058823525,0.02389705882352941,0.01838235294117647,0.042279411764705885,0.004136029411764706,0.001838235294117647,0.0009191176470588235,0.00045955882352941176,0
56,300007,998240000,13700500.0,27842000.0,111.0,107.0,143.0,0,,1,0.7762237762237763,0.0,0.006993006993006993,0.02097902097902098,0.013986013986013986,0.013986013986013986,0.0,0.006993006993006993,0.0,0.006993006993006993,0.027972027972027972,0.027972027972027972,0.07692307692307693,0.006993006993006993,0.0,0.0,0.0,1
57,43,5696676000,31469750.0,12739000.0,44.25,43.0,60.0,1,,0,0.7375,0.0,0.008333333333333333,0.058333333333333334,0.0,0.075,0.016666666666666666,0.0,0.0,0.020833333333333332,0.016666666666666666,0.0125,0.05,0.0,0.004166666666666667,0.0,0.0,0
58,5,4181065000,5442714.285714285,6371500.0,32.2,31.8,36.333333333333336,0,,0,0.7385321100917431,0.0,0.0,0.06422018348623854,0.0,0.05045871559633028,0.01834862385321101,0.0045871559633027525,0.0,0.0045871559633027525,0.03669724770642202,0.013761467889908258,0.05045871559633028,0.009174311926605505,0.009174311926605505,0.0,0.0,0
59,100,5605094000,26893393.939393938,18991142.85714286,78.88235294117646,74.58823529411765,91.82857142857142,0,0.0010186757215619694,1,0.8344741754822651,0.00031113876789047915,0.008400746733042938,0.03266957062850031,0.009334163036714374,0.007778469197261979,0.010889856876166771,0.0015556938394523958,0.00373366521468575,0.003422526446795271,0.018979464841319228,0.015245799626633479,0.04604853764779091,0.005600497822028625,0.00031113876789047915,0.0009334163036714375,0.00031113876789047915,0
60,100006,788587000,5606000.0,5606000.0,26.0,26.0,44.0,1,,0,0.5909090909090909,0.0,0.045454545454545456,0.045454545454545456,0.0,0.06818181818181818,0.022727272727272728,0.0,0.0,0.022727272727272728,0.022727272727272728,0.09090909090909091,0.045454545454545456,0.0,0.0,0.0,0.0,1
61,18,3320524000,37580000.0,17984666.666666668,71.5,68.33333333333333,85.5,0,,1,0.8362573099415205,0.0,0.001949317738791423,0.037037037037037035,0.005847953216374269,0.0,0.01364522417153996,0.001949317738791423,0.001949317738791423,0.009746588693957114,0.02729044834307992,0.01949317738791423,0.03898635477582846,0.001949317738791423,0.0,0.0,0.0,1
62,70,12591764000,37743733.333333336,20382777.777777776,82.77777777777777,78.0,98.61111111111111,0,0.0012330456226880395,1,0.8394366197183099,0.0,0.0067605633802816905,0.029859154929577466,0.007323943661971831,0.0022535211267605635,0.009577464788732394,0.0022535211267605635,0.0011267605633802818,0.003943661971830986,0.023098591549295774,0.014647887323943662,0.05070422535211268,0.0050704225352112674,0.0011267605633802818,0.0011267605633802818,0.0005633802816901409,1
63,100005,7360899000,12740000.0,7211200.0,38.5,38.0,43.2,0,,0,0.7129629629629629,0.0,0.013888888888888888,0.06944444444444445,0.0,0.08333333333333333,0.013888888888888888,0.0,0.0,0.009259259259259259,0.013888888888888888,0.013888888888888888,0.032407407407407406,0.009259259259259259,0.018518518518518517,0.0,0.0,1
64,27,8864192000,10120625.0,5657777.777777778,27.5,27.25,32.333333333333336,0,,0,0.7560137457044673,0.0,0.006872852233676976,0.061855670103092786,0.0,0.07216494845360824,0.024054982817869417,0.003436426116838488,0.0,0.003436426116838488,0.013745704467353952,0.024054982817869417,0.027491408934707903,0.003436426116838488,0.003436426116838488,0.0,0.0,0
65,61,6239106000,27455954.545454547,25898789.47368421,85.36842105263158,77.21052631578948,104.0,0,0.001091703056768559,0,0.8208502024291497,0.0010121457489878543,0.005566801619433198,0.03795546558704453,0.005060728744939271,0.02479757085020243,0.011133603238866396,0.0005060728744939271,0.0005060728744939271,0.004554655870445344,0.025303643724696356,0.013157894736842105,0.039473684210526314,0.005060728744939271,0.003036437246963563,0.0010121457489878543,0.0010121457489878543,0
66,75,5955115000,19943500.0,24981000.0,101.5,94.25,119.625,1,0.0011389521640091116,1,0.8484848484848485,0.0,0.0041797283176593526,0.022988505747126436,0.008359456635318705,0.0010449320794148381,0.00522466039707419,0.0,0.003134796238244514,0.003134796238244514,0.02821316614420063,0.0219435736677116,0.050156739811912224,0.0020898641588296763,0.0,0.0010449320794148381,0.0,0
67,126,5365068000,26457178.57142857,21450300.0,88.86206896551724,82.37931034482759,103.4,0,0.0006975933031042902,1,0.8307543520309478,0.0,0.006769825918762089,0.03836234687298517,0.0070921985815602835,0.011283043197936816,0.012572533849129593,0.0012894906511927789,0.002256608639587363,0.00548033526756931,0.02321083172147002,0.010638297872340425,0.043520309477756286,0.004835589941972921,0.0009671179883945841,0.0006447453255963894,0.0003223726627981947,0
68,131,10445753000,16324880.0,20413473.684210528,92.0,87.29411764705883,98.05263157894737,0,0.002328288707799767,0,0.8395061728395061,0.0010735373054213634,0.010735373054213635,0.028985507246376812,0.008051529790660225,0.0026838432635534087,0.00966183574879227,0.0010735373054213634,0.0026838432635534087,0.005367686527106817,0.027375201288244767,0.013955984970477724,0.03864734299516908,0.006977992485238862,0.0005367686527106817,0.0021470746108427268,0.0005367686527106817,0
69,140,6964283000,37956527.27272727,19683915.492957745,84.53731343283582,78.92537313432835,96.90140845070422,1,0.0011151824119802454,1,0.8232558139534883,0.00043604651162790697,0.010901162790697675,0.03648255813953488,0.007267441860465116,0.012645348837209303,0.012936046511627906,0.0007267441860465116,0.001308139534883721,0.0034883720930232558,0.021511627906976746,0.020784883720930233,0.040261627906976745,0.004941860465116279,0.0014534883720930232,0.0010174418604651163,0.0005813953488372093,0
70,17,1131755000,48542285.71428572,36075000.0,132.42857142857142,122.71428571428571,157.42857142857142,1,,1,0.8411978221415608,0.0,0.011796733212341199,0.02722323049001815,0.010889292196007259,0.003629764065335753,0.013611615245009074,0.0,0.0018148820326678765,0.004537205081669692,0.02722323049001815,0.010889292196007259,0.036297640653357534,0.004537205081669692,0.003629764065335753,0.0,0.0009074410163339383,1
71,100007,9969490000,10206300.0,11364666.666666666,47.0,44.888888888888886,57.77777777777778,1,,1,0.8134615384615385,0.0,0.011538461538461539,0.038461538461538464,0.013461538461538462,0.009615384615384616,0.009615384615384616,0.0019230769230769232,0.0,0.0057692307692307696,0.01730769230769231,0.032692307692307694,0.03653846153846154,0.0057692307692307696,0.0,0.0,0.0,1
72,26,6699369000,11550125.0,11550125.0,31.875,31.375,42.125,0,,1,0.7566765578635015,0.0,0.002967359050445104,0.050445103857566766,0.0,0.06528189910979229,0.017804154302670624,0.0,0.0,0.011869436201780416,0.02373887240356083,0.017804154302670624,0.03560830860534125,0.011869436201780416,0.002967359050445104,0.0,0.002967359050445104,0
73,120,11067857000,22045619.04761905,27842785.714285713,112.21428571428571,100.07142857142857,131.57142857142858,1,0.0005865102639296188,1,0.8528773072747015,0.0,0.007057546145494028,0.02768729641693811,0.01031487513572204,0.0005428881650380022,0.01031487513572204,0.0005428881650380022,0.0027144408251900108,0.004885993485342019,0.023887079261672096,0.011943539630836048,0.043973941368078175,0.0027144408251900108,0.0,0.0005428881650380022,0.0,0
74,200007,4613565000,3999500.0,5406666.666666667,32.5,32.0,25.333333333333332,1,0.014084507042253521,1,0.8552631578947368,0.0,0.0,0.05263157894736842,0.0,0.0,0.013157894736842105,0.0,0.0,0.0,0.0,0.013157894736842105,0.02631578947368421,0.02631578947368421,0.0,0.013157894736842105,0.0,0
75,46,5466621000,18828333.333333332,22682800.0,91.8,87.2,112.0,1,,1,0.8196428571428571,0.0,0.009821428571428571,0.04196428571428571,0.005357142857142857,0.011607142857142858,0.011607142857142858,0.0017857142857142857,0.0026785714285714286,0.008928571428571428,0.026785714285714284,0.01607142857142857,0.039285714285714285,0.0026785714285714286,0.0008928571428571428,0.0,0.0008928571428571428,0
76,300004,7721840000,12472250.0,16687333.333333334,68.0,65.0,87.33333333333333,1,,0,0.7786259541984732,0.003816793893129771,0.007633587786259542,0.03435114503816794,0.003816793893129771,0.03816793893129771,0.011450381679389313,0.003816793893129771,0.007633587786259542,0.007633587786259542,0.011450381679389313,0.007633587786259542,0.0648854961832061,0.011450381679389313,0.003816793893129771,0.0,0.003816793893129771,0
77,147,5953423000,15635444.444444444,13442400.0,60.77777777777778,58.111111111111114,67.2,0,,1,0.8139880952380952,0.0,0.004464285714285714,0.04017857142857143,0.008928571428571428,0.01636904761904762,0.017857142857142856,0.0,0.0,0.001488095238095238,0.017857142857142856,0.022321428571428572,0.041666666666666664,0.010416666666666666,0.002976190476190476,0.0,0.001488095238095238,0
78,300001,16270138000,24427368.42105263,22923157.89473684,102.88235294117646,96.05882352941177,114.10526315789474,1,0.001544004117344313,1,0.8067343173431735,0.0,0.007841328413284132,0.035977859778597784,0.004151291512915129,0.0027675276752767526,0.01014760147601476,0.0013837638376383763,0.00046125461254612545,0.007841328413284132,0.031826568265682656,0.013837638376383764,0.06826568265682657,0.00507380073800738,0.0009225092250922509,0.0013837638376383763,0.00046125461254612545,1
79,300015,14816048000,25386717.948717948,22917333.333333332,76.48484848484848,72.21212121212122,92.45454545454545,0,0.001452960406828914,1,0.82726974762373,0.00032776138970829236,0.005571943625040971,0.033759423139954114,0.007210750573582432,0.0019665683382497543,0.00950508030154048,0.0016388069485414618,0.0013110455588331695,0.005244182235332678,0.02097672894133071,0.015404785316289742,0.06325794821370043,0.003933136676499509,0.0006555227794165847,0.0013110455588331695,0.0006555227794165847,0
80,78,5234830000,14877777.777777778,6799444.444444444,28.22222222222222,27.444444444444443,36.0,1,,0,0.7839506172839507,0.0,0.009259259259259259,0.04938271604938271,0.0,0.04938271604938271,0.027777777777777776,0.0,0.0,0.006172839506172839,0.027777777777777776,0.006172839506172839,0.033950617283950615,0.0030864197530864196,0.0030864197530864196,0.0,0.0,0
81,77,5622246000,21749833.333333332,32740375.0,149.57142857142858,135.85714285714286,153.625,1,,1,0.8519121236777868,0.0008136696501220504,0.0032546786004882017,0.043938161106590726,0.007323026851098454,0.004882017900732303,0.012205044751830757,0.0,0.004882017900732303,0.0016273393002441008,0.01871440195280716,0.006509357200976403,0.03742880390561432,0.0040683482506102524,0.0016273393002441008,0.0,0.0008136696501220504,0
82,89,5997877000,27510500.0,33057600.0,133.4,119.2,160.2,0,,1,0.83270911360799,0.0,0.00749063670411985,0.033707865168539325,0.0024968789013732834,0.016229712858926344,0.008739076154806492,0.003745318352059925,0.0024968789013732834,0.012484394506866416,0.0149812734082397,0.017478152309612985,0.03745318352059925,0.006242197253433208,0.0024968789013732834,0.0,0.0012484394506866417,0
83,136,6510790000,29642869.56521739,26080909.09090909,106.2,97.1,116.68181818181819,1,0.000851063829787234,1,0.8274250097389949,0.0,0.00584339696143358,0.03350214257888586,0.008180755746007013,0.00506427736657577,0.01090767432800935,0.00038955979742890534,0.0027269185820023374,0.004674717569146864,0.025710946630307752,0.02337358784573432,0.04285157771717959,0.007401636151149201,0.0007791195948578107,0.0007791195948578107,0.00038955979742890534,0
84,118,5454179000,22430433.333333332,24375416.666666668,99.0,91.83333333333333,119.5,1,0.0007624857033930614,1,0.8284518828451883,0.0,0.009414225941422594,0.033821478382147836,0.009414225941422594,0.00906555090655509,0.010460251046025104,0.0020920502092050207,0.000697350069735007,0.005578800557880056,0.021617852161785217,0.01813110181311018,0.04428172942817294,0.0048814504881450485,0.0010460251046025104,0.000697350069735007,0.0003486750348675035,0
85,6,22151031000,31755607.14285714,32859750.0,143.5909090909091,129.5,156.70833333333334,0,0.0011530700490054772,1,0.8399361871842596,0.0,0.00824248869981388,0.035097048657272,0.010901356022334486,0.0023929805902685457,0.01276256314809891,0.0005317734645041213,0.0007976601967561818,0.00452007444828503,0.022068598776921033,0.010901356022334486,0.04387131082159,0.006381281574049455,0.00026588673225206064,0.0010635469290082426,0.00026588673225206064,0
86,300019,7311421000,24561900.0,22048222.222222224,88.66666666666667,81.55555555555556,108.44444444444444,0,,1,0.8176229508196722,0.0,0.00819672131147541,0.02459016393442623,0.0,0.0,0.006147540983606557,0.0,0.0020491803278688526,0.0030737704918032786,0.02459016393442623,0.0194672131147541,0.08504098360655737,0.007172131147540984,0.0010245901639344263,0.0,0.0010245901639344263,0
87,200014,11071309000,19490181.818181816,18468600.0,74.7,69.2,98.2,0,,1,0.7606924643584522,0.0,0.028513238289205704,0.038696537678207736,0.0,0.05091649694501019,0.017311608961303463,0.0010183299389002036,0.0010183299389002036,0.0050916496945010185,0.025458248472505093,0.020366598778004074,0.04378818737270876,0.0050916496945010185,0.0010183299389002036,0.0,0.0010183299389002036,0
88,100009,3234667000,12584545.454545455,12717700.0,51.8,50.4,67.1,0,,0,0.7719821162444114,0.0014903129657228018,0.011922503725782414,0.03427719821162444,0.007451564828614009,0.06259314456035768,0.019374068554396422,0.0014903129657228018,0.0014903129657228018,0.005961251862891207,0.01788375558867362,0.010432190760059613,0.03427719821162444,0.00894187779433681,0.005961251862891207,0.0,0.0014903129657228018,1
89,300011,5285640000,42302980.0,15138592.105263159,63.273972602739725,60.43835616438356,75.42105263157895,1,0.0003922337713277113,1,0.8058269364968598,0.00017445917655268666,0.007152826238660153,0.033670621074668526,0.005582693649685973,0.00366364270760642,0.00994417306350314,0.0,0.004361479413817167,0.00418702023726448,0.025471039776692253,0.016224703419399862,0.07623866015352408,0.0052337752965806,0.00157013258897418,0.0003489183531053733,0.0003489183531053733,0
90,100004,14898823000,22124166.666666668,11159190.476190476,47.1,45.2,59.285714285714285,1,0.001736111111111111,1,0.7566265060240964,0.001606425702811245,0.008835341365461847,0.05301204819277108,0.008032128514056224,0.06907630522088354,0.015261044176706828,0.001606425702811245,0.0,0.008835341365461847,0.018473895582329317,0.015261044176706828,0.028112449799196786,0.004819277108433735,0.00642570281124498,0.001606425702811245,0.0024096385542168677,0
91,104,10850346000,20213178.57142857,16862038.46153846,68.5,65.26923076923077,82.0,1,0.0005042864346949068,1,0.8353658536585366,0.0,0.00797373358348968,0.038461538461538464,0.01125703564727955,0.010787992495309569,0.009849906191369606,0.0009380863039399625,0.0014071294559099437,0.004221388367729831,0.020168855534709193,0.010787992495309569,0.039399624765478425,0.007035647279549718,0.0014071294559099437,0.00046904315196998124,0.00046904315196998124,0
92,60,6176266000,20604090.90909091,22842888.888888888,91.33333333333333,84.72222222222223,108.33333333333333,0,0.001105583195135434,1,0.8430769230769231,0.0,0.004615384615384616,0.033846153846153845,0.010769230769230769,0.0015384615384615385,0.009230769230769232,0.0,0.0015384615384615385,0.003076923076923077,0.029743589743589743,0.013846153846153847,0.043076923076923075,0.0035897435897435897,0.0005128205128205128,0.0010256410256410256,0.0005128205128205128,0
93,68,8640976000,3824500.0,3824500.0,14.5,14.5,24.0,1,,0,0.6041666666666666,0.0,0.0,0.0625,0.0,0.08333333333333333,0.041666666666666664,0.0,0.0,0.0,0.0,0.14583333333333334,0.041666666666666664,0.0,0.020833333333333332,0.0,0.0,0
94,90,8811723000,1782400.0,1782400.0,9.25,9.25,9.0,0,,0,0.8222222222222222,0.0,0.0,0.044444444444444446,0.0,0.06666666666666667,0.022222222222222223,0.0,0.0,0.0,0.0,0.0,0.0,0.044444444444444446,0.0,0.0,0.0,0
95,200003,13205554000,15352000.0,12986714.285714285,57.76923076923077,55.69230769230769,69.78571428571429,1,,0,0.7686796315250768,0.0020470829068577278,0.0255885363357216,0.04094165813715456,0.00511770726714432,0.05527123848515865,0.019447287615148412,0.0010235414534288639,0.0,0.00511770726714432,0.016376663254861822,0.014329580348004094,0.037871033776867964,0.0020470829068577278,0.00511770726714432,0.0,0.0010235414534288639,0
96,100015,5864764000,16917375.0,16715666.666666666,66.66666666666667,63.666666666666664,87.5,1,0.0010319917440660474,1,0.7619047619047619,0.0009523809523809524,0.007619047619047619,0.04476190476190476,0.004761904761904762,0.06571428571428571,0.017142857142857144,0.0009523809523809524,0.0038095238095238095,0.006666666666666667,0.02095238095238095,0.013333333333333334,0.03333333333333333,0.005714285714285714,0.007619047619047619,0.0009523809523809524,0.0019047619047619048,1
97,19,1853404000,27030000.0,54292000.0,216.0,197.0,259.0,1,,1,0.833976833976834,0.0,0.007722007722007722,0.04247104247104247,0.007722007722007722,0.0,0.03088803088803089,0.0,0.007722007722007722,0.003861003861003861,0.03088803088803089,0.015444015444015444,0.019305019305019305,0.0,0.0,0.0,0.0,0
98,300023,12999367000,25720160.0,16415851.851851853,66.55555555555556,63.7037037037037,81.85185185185185,1,0.0015236160487557136,1,0.8131221719457014,0.00045248868778280545,0.007239819004524887,0.02895927601809955,0.005429864253393665,0.0009049773755656109,0.008597285067873304,0.00045248868778280545,0.0027149321266968325,0.006334841628959276,0.02850678733031674,0.014027149321266969,0.07647058823529412,0.004524886877828055,0.00045248868778280545,0.0013574660633484162,0.00045248868778280545,0
99,300024,3361032000,22889000.0,22889000.0,88.0,85.0,102.0,1,,1,0.8627450980392157,0.0,0.0,0.0196078431372549,0.0,0.0,0.00980392156862745,0.0,0.0,0.00980392156862745,0.0196078431372549,0.0196078431372549,0.058823529411764705,0.0,0.0,0.0,0.0,0
100,128,8236658000,30414421.05263158,24997529.411764707,108.0,98.375,121.58823529411765,0,0.0010498687664041995,1,0.8359941944847605,0.0,0.008708272859216255,0.03773584905660377,0.006773101112723754,0.005321722302854378,0.012094823415578132,0.0004837929366231253,0.001451378809869376,0.005321722302854378,0.02564102564102564,0.013546202225447508,0.0420899854862119,0.002902757619738752,0.0004837929366231253,0.0009675858732462506,0.0004837929366231253,0
101,200024,2456153000,10104900.0,12702500.0,52.125,51.0,69.0,0,0.002004008016032064,1,0.7554347826086957,0.0,0.02355072463768116,0.03804347826086957,0.007246376811594203,0.04891304347826087,0.012681159420289856,0.0036231884057971015,0.0,0.009057971014492754,0.02717391304347826,0.016304347826086956,0.034420289855072464,0.007246376811594203,0.009057971014492754,0.0018115942028985507,0.0018115942028985507,1
102,23,11741508000,27221666.666666668,40953250.0,164.0,144.25,195.5,1,,1,0.8388746803069054,0.0,0.0076726342710997444,0.024296675191815855,0.00639386189258312,0.024296675191815855,0.00639386189258312,0.0,0.0012787723785166241,0.0012787723785166241,0.026854219948849106,0.01918158567774936,0.03580562659846547,0.005115089514066497,0.0012787723785166241,0.0,0.0012787723785166241,0
103,41,9570742000,28010764.70588235,39460333.333333336,157.83333333333334,144.25,185.0,1,0.00048216007714561236,1,0.8531531531531531,0.0,0.0045045045045045045,0.02882882882882883,0.01036036036036036,0.00045045045045045046,0.009009009009009009,0.0013513513513513514,0.0013513513513513514,0.004054054054054054,0.027477477477477478,0.016216216216216217,0.03423423423423423,0.008558558558558558,0.0,0.00045045045045045046,0.0,0
104,102,5588511000,11466375.0,5038625.0,19.75,19.625,25.25,0,0.005319148936170213,0,0.7821782178217822,0.0,0.009900990099009901,0.054455445544554455,0.0,0.08415841584158416,0.024752475247524754,0.0,0.0,0.0049504950495049506,0.0049504950495049506,0.0,0.0297029702970297,0.0,0.0,0.0049504950495049506,0.0,0
105,55,6191908000,13015916.666666666,9740727.272727273,34.63636363636363,33.27272727272727,44.45454545454545,0,0.0022172949002217295,1,0.7791411042944786,0.0,0.010224948875255624,0.0408997955010225,0.0,0.05930470347648262,0.012269938650306749,0.0,0.002044989775051125,0.002044989775051125,0.026584867075664622,0.016359918200409,0.034764826175869123,0.0081799591002045,0.00408997955010225,0.002044989775051125,0.002044989775051125,0
106,200008,9951882000,21516952.38095238,27136533.333333332,111.26666666666667,101.6,134.13333333333333,1,0.001633097441480675,1,0.8295228628230616,0.0,0.02584493041749503,0.0352882703777336,0.011928429423459244,0.0019880715705765406,0.010934393638170975,0.0009940357852882703,0.0044731610337972166,0.004970178926441352,0.022365805168986085,0.01341948310139165,0.033797216699801194,0.0019880715705765406,0.0004970178926441351,0.0014910536779324055,0.0004970178926441351,0
107,111,7104353000,17416090.90909091,27752285.714285713,99.71428571428571,93.28571428571429,118.57142857142857,1,0.002638522427440633,1,0.8409638554216867,0.0,0.007228915662650603,0.02891566265060241,0.007228915662650603,0.0036144578313253013,0.007228915662650603,0.0,0.0012048192771084338,0.0012048192771084338,0.02530120481927711,0.027710843373493974,0.04096385542168675,0.0036144578313253013,0.0012048192771084338,0.0024096385542168677,0.0012048192771084338,0
108,100016,6481325000,14125000.0,15924250.0,66.25,61.875,79.75,0,0.0017123287671232876,0,0.8307210031347962,0.001567398119122257,0.007836990595611285,0.032915360501567396,0.009404388714733543,0.025078369905956112,0.014106583072100314,0.0,0.001567398119122257,0.001567398119122257,0.009404388714733543,0.02037617554858934,0.03918495297805643,0.004702194357366771,0.0,0.001567398119122257,0.0,0
109,100003,1965437000,5947000.0,5947000.0,25.5,25.0,39.0,1,,0,0.6538461538461539,0.0,0.0,0.08974358974358974,0.0,0.11538461538461539,0.038461538461538464,0.0,0.0,0.0,0.02564102564102564,0.0,0.038461538461538464,0.01282051282051282,0.0,0.0,0.0,1
110,93,6137205000,18676416.666666668,12996000.0,53.333333333333336,51.083333333333336,67.91666666666667,0,,1,0.7852760736196319,0.0,0.0049079754601227,0.03803680981595092,0.0036809815950920245,0.05276073619631902,0.012269938650306749,0.001226993865030675,0.00245398773006135,0.006134969325153374,0.020858895705521473,0.015950920245398775,0.04294478527607362,0.008588957055214725,0.0036809815950920245,0.0,0.001226993865030675,0
111,95,5379812000,19534766.666666668,12696878.787878787,54.645161290322584,51.25806451612903,63.36363636363637,1,0.0026191723415400735,0,0.8101386896221904,0.00047824007651841227,0.011956001912960305,0.03204208512673362,0.007173601147776184,0.02391200382592061,0.013390722142515544,0.0,0.001912960306073649,0.004782400765184123,0.021999043519846963,0.015303682448589193,0.04351984696317551,0.00860832137733142,0.0023912003825920613,0.0023912003825920613,0.0,0
112,103,3640235000,22111000.0,24100272.727272727,107.3,97.3,119.0909090909091,1,,1,0.8190839694656489,0.0007633587786259542,0.006870229007633588,0.03435114503816794,0.009923664122137405,0.010687022900763359,0.010687022900763359,0.0007633587786259542,0.0007633587786259542,0.003816793893129771,0.03206106870229008,0.019083969465648856,0.03969465648854962,0.0053435114503816794,0.0030534351145038168,0.0,0.0015267175572519084,1
113,200005,9774588000,4471142.857142857,5243833.333333333,23.166666666666668,22.833333333333332,29.0,0,,1,0.7988505747126436,0.0,0.0,0.05172413793103448,0.0,0.028735632183908046,0.017241379310344827,0.0,0.0,0.0,0.028735632183908046,0.017241379310344827,0.040229885057471264,0.0,0.011494252873563218,0.0,0.005747126436781609,0
114,38,6485644000,21073777.777777776,20537250.0,82.625,76.8125,98.125,0,0.002079002079002079,1,0.8420382165605096,0.0006369426751592356,0.01337579617834395,0.03694267515923567,0.005732484076433121,0.0012738853503184713,0.008917197452229299,0.0006369426751592356,0.0006369426751592356,0.0044585987261146496,0.01910828025477707,0.01337579617834395,0.041401273885350316,0.007643312101910828,0.0012738853503184713,0.001910828025477707,0.0006369426751592356,0
115,40,6822945000,17624368.42105263,15088235.294117646,63.411764705882355,60.76470588235294,77.76470588235294,1,,1,0.8154311649016641,0.0,0.00832072617246596,0.0340393343419062,0.0015128593040847202,0.01739788199697428,0.009833585476550681,0.0015128593040847202,0.0015128593040847202,0.00529500756429652,0.029500756429652043,0.01739788199697428,0.049924357034795766,0.00680786686838124,0.0007564296520423601,0.0,0.0007564296520423601,0
116,200009,5083732000,22394428.57142857,16027266.666666666,64.2,61.6,79.86666666666666,0,,0,0.8038397328881469,0.0008347245409015025,0.02671118530884808,0.0333889816360601,0.004173622704507512,0.027545909849749584,0.015025041736227046,0.0008347245409015025,0.0,0.00667779632721202,0.022537562604340568,0.01669449081803005,0.034223706176961605,0.005843071786310518,0.0008347245409015025,0.0,0.0008347245409015025,0
117,25,7128338000,37869941.176470585,31183266.666666668,125.33333333333333,113.66666666666667,151.93333333333334,1,,1,0.8249232119350592,0.00043878894251864854,0.007459412022817025,0.03729706011408512,0.004826678367705134,0.01184730144800351,0.01184730144800351,0.0008775778850372971,0.00043878894251864854,0.004826678367705134,0.02676612549363756,0.017990346643264588,0.04300131636682756,0.003949100482667837,0.00307152259763054,0.0,0.00043878894251864854,0
118,135,6228539000,1347000.0,1347000.0,6.0,6.0,6.0,1,,0,1.0,0.0,0.0,0.0,0.0,0.0,0.0,0.0,0.0,0.0,0.0,0.0,0.0,0.0,0.0,0.0,0.0,0
119,156,27106000,420000.0,420000.0,3.0,3.0,6.0,0,,0,0.5,0.0,0.0,0.16666666666666666,0.0,0.16666666666666666,0.0,0.0,0.0,0.16666666666666666,0.0,0.0,0.0,0.0,0.0,0.0,0.0,0
120,44,3205355000,20987800.0,35180333.333333336,143.0,127.66666666666667,170.66666666666666,1,,1,0.837890625,0.0,0.00390625,0.029296875,0.001953125,0.0,0.01171875,0.001953125,0.005859375,0.0078125,0.01953125,0.015625,0.048828125,0.01171875,0.001953125,0.0,0.001953125,0
121,100024,2351951000,2463500.0,5115000.0,22.0,22.0,36.0,0,,0,0.6111111111111112,0.0,0.0,0.027777777777777776,0.0,0.08333333333333333,0.0,0.0,0.0,0.08333333333333333,0.0,0.0,0.1388888888888889,0.0,0.0,0.0,0.0,1
122,144,8548746000,5969000.0,8058333.333333333,49.0,49.0,41.666666666666664,0,,0,0.784,0.0,0.008,0.048,0.0,0.072,0.0,0.0,0.0,0.0,0.024,0.032,0.032,0.0,0.0,0.0,0.0,0
123,115,6431581000,28453200.0,42822800.0,173.7,149.5,207.6,1,0.0015822784810126582,1,0.8367052023121387,0.0,0.011560693641618497,0.02697495183044316,0.010115606936416185,0.0052986512524084775,0.0072254335260115606,0.002890173410404624,0.0024084778420038534,0.00674373795761079,0.02023121387283237,0.01878612716763006,0.04431599229287091,0.004335260115606936,0.0004816955684007707,0.001445086705202312,0.0004816955684007707,0
124,82,6428188000,22581947.36842105,24883764.70588235,106.5625,96.9375,120.52941176470588,1,0.0010576414595452142,1,0.8321132259638848,0.0,0.009760858955588092,0.03806734992679356,0.00634455832113226,0.007320644216691069,0.010736944851146901,0.0,0.0014641288433382138,0.005368472425573451,0.025866276232308444,0.014153245485602733,0.040995607613469986,0.004392386530014641,0.0019521717911176184,0.0009760858955588092,0.0004880429477794046,0
125,200023,5804400000,32509020.0,9961526.315789474,41.041666666666664,39.65277777777778,49.5921052631579,1,0.0005878894767783657,1,0.7840275935261343,0.0005306447333510214,0.019368532767312284,0.04059432210135314,0.011674184133722473,0.030777394534359247,0.014592730167153092,0.0007959671000265323,0.0015919342000530645,0.004510480233483683,0.019368532767312284,0.01751127620058371,0.04324754576810825,0.006102414433536747,0.003979835500132661,0.0005306447333510214,0.0007959671000265323,0
126,53,4580732000,21378520.0,19313545.454545453,83.14285714285714,76.95238095238095,93.81818181818181,0,0.001037344398340249,1,0.8459302325581395,0.0,0.007751937984496124,0.030523255813953487,0.006298449612403101,0.012112403100775194,0.009205426356589148,0.0014534883720930232,0.001937984496124031,0.006782945736434108,0.022286821705426358,0.012112403100775194,0.03343023255813953,0.005329457364341085,0.0024224806201550387,0.0009689922480620155,0.00048449612403100775,1
127,92,7216893000,45595357.14285714,17082732.558139537,70.77380952380952,66.5952380952381,84.06976744186046,1,0.00045024763619990995,0,0.822268326417704,0.00013831258644536652,0.00995850622406639,0.0367911479944675,0.009405255878284923,0.011756569847856155,0.010788381742738589,0.0013831258644536654,0.002904564315352697,0.007192254495159059,0.025034578146611343,0.015214384508990318,0.04038727524204703,0.005532503457814661,0.0006915629322268327,0.0004149377593360996,0.00013831258644536652,0
128,122,4563363000,2256500.0,2256500.0,13.666666666666666,13.666666666666666,15.5,1,,1,0.6612903225806451,0.0,0.016129032258064516,0.0967741935483871,0.0,0.03225806451612903,0.016129032258064516,0.0,0.0,0.016129032258064516,0.016129032258064516,0.016129032258064516,0.04838709677419355,0.0,0.03225806451612903,0.0,0.016129032258064516,1
129,108,5377377000,22220000.0,25969666.666666668,105.5,97.16666666666667,127.33333333333333,1,,1,0.8285340314136126,0.0,0.007853403141361256,0.03795811518324607,0.002617801047120419,0.024869109947643978,0.011780104712041885,0.002617801047120419,0.0013089005235602095,0.007853403141361256,0.01963350785340314,0.01963350785340314,0.02617801047120419,0.006544502617801047,0.0013089005235602095,0.0,0.0013089005235602095,0
130,117,6229493000,6093857.142857143,6582230.769230769,26.384615384615383,25.615384615384617,34.23076923076923,1,0.0048543689320388345,0,0.7707865168539326,0.0,0.006741573033707865,0.060674157303370786,0.0,0.04943820224719101,0.01348314606741573,0.0022471910112359553,0.0,0.01348314606741573,0.02247191011235955,0.02247191011235955,0.024719101123595506,0.0022471910112359553,0.006741573033707865,0.0044943820224719105,0.0,0
131,300010,6409043000,15368428.57142857,9325714.285714285,37.57142857142857,37.0,50.142857142857146,0,,0,0.7492877492877493,0.0,0.002849002849002849,0.042735042735042736,0.0,0.07122507122507123,0.017094017094017096,0.0,0.002849002849002849,0.002849002849002849,0.019943019943019943,0.022792022792022793,0.05982905982905983,0.002849002849002849,0.005698005698005698,0.0,0.0,0
132,200017,5269260000,10520923.076923076,11417583.333333334,41.083333333333336,38.75,51.666666666666664,0,0.0018083182640144665,1,0.7951612903225806,0.0,0.025806451612903226,0.043548387096774194,0.0064516129032258064,0.014516129032258065,0.017741935483870968,0.0,0.0,0.0064516129032258064,0.017741935483870968,0.012903225806451613,0.0467741935483871,0.0032258064516129032,0.0032258064516129032,0.0016129032258064516,0.0016129032258064516,1
133,86,11672575000,20274909.09090909,15813200.0,65.0,63.1,81.8,0,0.0013477088948787063,1,0.7946210268948656,0.0,0.009779951100244499,0.044009779951100246,0.007334963325183374,0.011002444987775062,0.014669926650366748,0.0024449877750611247,0.0012224938875305623,0.013447432762836185,0.02444987775061125,0.022004889975550123,0.04156479217603912,0.009779951100244499,0.0012224938875305623,0.0012224938875305623,0.0012224938875305623,0
134,58,2266255000,30435666.666666668,34907416.666666664,141.16666666666666,128.66666666666666,168.91666666666666,0,,1,0.8357178095707942,0.0,0.00986679822397632,0.034040453872718306,0.008880118401578688,0.005426739023186976,0.010360138135175136,0.000986679822397632,0.0,0.005426739023186976,0.0246669955599408,0.009373458312777503,0.046373951652688705,0.006413418845584608,0.000986679822397632,0.0,0.000493339911198816,1
135,100011,446266000,2663000.0,2663000.0,11.0,11.0,23.0,0,,0,0.4782608695652174,0.0,0.043478260869565216,0.17391304347826086,0.0,0.08695652173913043,0.0,0.0,0.0,0.043478260869565216,0.08695652173913043,0.0,0.0,0.0,0.0,0.0,0.0,1
136,100019,2695616000,5024000.0,7658000.0,31.0,31.0,44.5,0,,0,0.6966292134831461,0.0,0.011235955056179775,0.0449438202247191,0.0,0.12359550561797752,0.02247191011235955,0.0,0.011235955056179775,0.0,0.02247191011235955,0.02247191011235955,0.011235955056179775,0.011235955056179775,0.0,0.0,0.0,1
137,300014,8672693000,27736833.333333332,9972857.142857144,46.666666666666664,44.5,51.57142857142857,0,0.0031545741324921135,1,0.775623268698061,0.0,0.0221606648199446,0.0443213296398892,0.008310249307479225,0.0,0.008310249307479225,0.002770083102493075,0.002770083102493075,0.00554016620498615,0.027700831024930747,0.008310249307479225,0.07479224376731301,0.0110803324099723,0.002770083102493075,0.002770083102493075,0.002770083102493075,0
138,81,8528806000,27730636.363636363,25969631.57894737,103.89473684210526,96.47368421052632,122.89473684210526,0,0.0004601932811780948,1,0.8453961456102784,0.00042826552462526765,0.0059957173447537475,0.03340471092077088,0.01113490364025696,0.0029978586723768737,0.008993576017130621,0.0029978586723768737,0.001284796573875803,0.008993576017130621,0.02184154175588865,0.009850107066381156,0.04025695931477516,0.005139186295503212,0.00042826552462526765,0.00042826552462526765,0.00042826552462526765,0
139,114,6168863000,18963222.222222224,19084235.29411765,80.75,76.6875,91.0,0,0.0014005602240896359,1,0.8351648351648352,0.0,0.007756948933419522,0.04266321913380737,0.005171299288946348,0.005817711700064641,0.01098901098901099,0.0,0.002585649644473174,0.0019392372333548805,0.02197802197802198,0.008403361344537815,0.04783451842275371,0.006464124111182934,0.001292824822236587,0.001292824822236587,0.0006464124111182935,0
140,33,14073918000,39299333.333333336,25631583.333333332,104.75,97.33333333333333,127.41666666666667,0,0.0007215007215007215,1,0.8221059516023544,0.0,0.005886200130804447,0.03924133420536298,0.010464355788096796,0.0006540222367560497,0.013734466971877043,0.0013080444735120995,0.0006540222367560497,0.007194244604316547,0.02158273381294964,0.020274689339437543,0.051667756703727925,0.004578155657292348,0.0,0.0006540222367560497,0.0,0
141,100012,3719746000,20205375.0,16286285.714285715,79.33333333333333,75.0,85.71428571428571,0,,0,0.7933333333333333,0.0016666666666666668,0.015,0.045,0.006666666666666667,0.06333333333333334,0.01,0.0,0.0016666666666666668,0.0,0.02,0.0033333333333333335,0.03,0.0033333333333333335,0.0016666666666666668,0.0,0.0016666666666666668,1
142,150,10710547000,20625625.0,5839555.555555556,22.25,22.0,26.0,0,,0,0.7606837606837606,0.0,0.0,0.05128205128205128,0.0,0.07264957264957266,0.01282051282051282,0.008547008547008548,0.0,0.008547008547008548,0.03418803418803419,0.004273504273504274,0.029914529914529916,0.004273504273504274,0.01282051282051282,0.0,0.0,0
143,200018,4196329000,14611500.0,10158444.444444444,40.77777777777778,39.666666666666664,53.111111111111114,0,,0,0.7677824267782427,0.0,0.02301255230125523,0.02510460251046025,0.0,0.06694560669456066,0.010460251046025104,0.0,0.0020920502092050207,0.008368200836820083,0.02301255230125523,0.03138075313807531,0.027196652719665274,0.0020920502092050207,0.008368200836820083,0.0,0.0,1
144,200016,4818513000,7216857.142857143,7216857.142857143,29.428571428571427,28.571428571428573,38.285714285714285,1,,0,0.7686567164179104,0.0,0.018656716417910446,0.04477611940298507,0.0,0.06716417910447761,0.011194029850746268,0.0,0.0,0.0,0.011194029850746268,0.0,0.0708955223880597,0.0,0.0,0.0,0.0,1
145,200025,10108410000,15950666.666666666,13713500.0,71.81818181818181,69.18181818181819,73.28571428571429,0,0.0010976948408342481,1,0.7699805068226121,0.0009746588693957114,0.02631578947368421,0.043859649122807015,0.010721247563352826,0.036062378167641324,0.011695906432748537,0.0,0.001949317738791423,0.0029239766081871343,0.015594541910331383,0.023391812865497075,0.04678362573099415,0.001949317738791423,0.004873294346978557,0.0009746588693957114,0.001949317738791423,0
146,300003,8573137000,6291000.0,6291000.0,27.0,26.0,35.0,0,,0,0.7714285714285715,0.0,0.0,0.02857142857142857,0.0,0.05714285714285714,0.02857142857142857,0.0,0.0,0.0,0.02857142857142857,0.0,0.05714285714285714,0.02857142857142857,0.0,0.0,0.0,0
147,153,2364350000,19379230.769230768,26227333.333333332,104.55555555555556,95.33333333333333,125.66666666666667,0,0.0028763183125599234,1,0.8320070733863837,0.0,0.0035366931918656055,0.03801945181255526,0.013262599469496022,0.0,0.010610079575596816,0.0,0.0008841732979664014,0.002652519893899204,0.028293545534924844,0.014146772767462422,0.04597701149425287,0.00618921308576481,0.0008841732979664014,0.002652519893899204,0.0008841732979664014,0
148,200020,6565726000,15694620.689655172,7807055.555555556,33.4,32.31428571428572,41.611111111111114,0,,0,0.780373831775701,0.0006675567423230974,0.02403204272363151,0.04472630173564753,0.004005340453938585,0.04606141522029372,0.017356475300400534,0.0006675567423230974,0.0013351134846461949,0.004672897196261682,0.021361815754339118,0.006675567423230975,0.037383177570093455,0.004672897196261682,0.004005340453938585,0.0,0.0006675567423230974,1
149,141,6514293000,21122428.57142857,20735181.818181816,92.9,84.4,100.18181818181819,1,,1,0.8430127041742287,0.0009074410163339383,0.004537205081669692,0.03539019963702359,0.004537205081669692,0.009981851179673321,0.011796733212341199,0.0,0.0009074410163339383,0.0027223230490018148,0.024500907441016333,0.015426497277676952,0.038112522686025406,0.004537205081669692,0.0027223230490018148,0.0,0.0009074410163339383,0
150,148,6058531000,9009272.727272727,7941333.333333333,33.166666666666664,32.166666666666664,43.166666666666664,0,,0,0.7683397683397684,0.0,0.005791505791505791,0.05019305019305019,0.0,0.06177606177606178,0.017374517374517374,0.0,0.0019305019305019305,0.005791505791505791,0.009652509652509652,0.013513513513513514,0.05405405405405406,0.005791505791505791,0.005791505791505791,0.0,0.0,0
151,97,7550792000,25223464.285714287,16099800.0,65.83333333333333,60.93333333333333,80.13333333333334,1,0.00045167118337850043,1,0.8215474209650583,0.0,0.004991680532445923,0.04159733777038269,0.007071547420965058,0.009983361064891847,0.014143094841930116,0.0008319467554076539,0.0020798668885191347,0.004991680532445923,0.025374376039933443,0.013311148086522463,0.04492512479201331,0.007071547420965058,0.0012479201331114808,0.00041597337770382697,0.00041597337770382697,0
152,106,3486889000,29881454.545454547,17265750.0,69.91666666666667,66.91666666666667,84.16666666666667,1,,1,0.8306930693069307,0.0,0.005940594059405941,0.032673267326732675,0.0029702970297029703,0.0039603960396039604,0.01089108910891089,0.0009900990099009901,0.0,0.0039603960396039604,0.027722772277227723,0.028712871287128714,0.04257425742574258,0.0049504950495049506,0.0009900990099009901,0.0,0.0009900990099009901,1
153,67,12000340000,22545266.666666668,20845538.46153846,91.5,86.25,101.6923076923077,0,,1,0.8305597579425114,0.0,0.007564296520423601,0.029500756429652043,0.009833585476550681,0.012859304084720122,0.012102874432677761,0.0007564296520423601,0.0022692889561270802,0.00680786686838124,0.02798789712556732,0.01059001512859304,0.04084720121028744,0.006051437216338881,0.0015128593040847202,0.0,0.0007564296520423601,0
154,84,4533248000,5730000.0,5730000.0,24.333333333333332,24.0,32.333333333333336,1,,0,0.7525773195876289,0.0,0.0,0.041237113402061855,0.0,0.10309278350515463,0.030927835051546393,0.0,0.0,0.0,0.020618556701030927,0.0,0.041237113402061855,0.010309278350515464,0.0,0.0,0.0,0
155,143,5333741000,8168600.0,4071333.3333333335,16.833333333333332,16.666666666666668,24.833333333333332,1,,0,0.6778523489932886,0.0,0.0,0.08053691275167785,0.0,0.10067114093959731,0.0,0.006711409395973154,0.0,0.020134228187919462,0.013422818791946308,0.040268456375838924,0.03355704697986577,0.006711409395973154,0.006711409395973154,0.0,0.0,1
156,300025,6626020000,17919947.36842105,19637312.5,81.0625,76.0625,100.1875,0,0.001417434443656981,1,0.8091079226450405,0.0,0.008109794135995009,0.029320024953212728,0.004366812227074236,0.0012476606363069245,0.011228945726762321,0.0012476606363069245,0.0006238303181534623,0.004366812227074236,0.026200873362445413,0.010605115408608859,0.08671241422333126,0.0037429819089207735,0.0012476606363069245,0.0012476606363069245,0.0006238303181534623,0
157,79,6571749000,18851500.0,12474600.0,50.2,48.4,64.2,0,,1,0.7819314641744548,0.0,0.006230529595015576,0.04361370716510903,0.006230529595015576,0.0529595015576324,0.012461059190031152,0.003115264797507788,0.006230529595015576,0.003115264797507788,0.018691588785046728,0.009345794392523364,0.040498442367601244,0.0,0.012461059190031152,0.0,0.003115264797507788,0
158,24,6649256000,7604000.0,8130066.666666667,34.42857142857143,34.07142857142857,42.0,0,,0,0.765079365079365,0.0015873015873015873,0.0031746031746031746,0.049206349206349205,0.007936507936507936,0.047619047619047616,0.015873015873015872,0.0031746031746031746,0.0031746031746031746,0.007936507936507936,0.01904761904761905,0.026984126984126985,0.03015873015873016,0.007936507936507936,0.009523809523809525,0.0,0.0015873015873015873,0
159,9,5255922000,22964470.588235293,21154612.903225806,89.2,84.33333333333333,102.93548387096774,0,0.0010135135135135136,1,0.838608586649953,0.00031338138514572234,0.010028204324663115,0.03666562206204951,0.010028204324663115,0.005014102162331557,0.01065496709495456,0.00031338138514572234,0.002820432466311501,0.003760576621748668,0.02413036665622062,0.012535255405828893,0.036979003447195236,0.004700720777185835,0.001880288310874334,0.000940144155437167,0.0006267627702914447,0
160,116,8118945000,8172000.0,8172000.0,21.0,20.666666666666668,26.333333333333332,1,,0,0.7974683544303798,0.0,0.0,0.05063291139240506,0.0,0.0379746835443038,0.0,0.012658227848101266,0.0,0.012658227848101266,0.05063291139240506,0.02531645569620253,0.012658227848101266,0.0,0.0,0.0,0.0,0
161,32,1865453000,6531000.0,6531000.0,26.666666666666668,26.333333333333332,36.0,0,,1,0.7407407407407407,0.0,0.009259259259259259,0.027777777777777776,0.018518518518518517,0.027777777777777776,0.009259259259259259,0.0,0.0,0.0,0.06481481481481481,0.0,0.06481481481481481,0.0,0.009259259259259259,0.0,0.009259259259259259,1
162,152,2681824000,19922523.80952381,17521500.0,74.15789473684211,68.10526315789474,84.1,0,0.0012894906511927789,1,0.8376932223543401,0.0,0.007134363852556481,0.03151010701545779,0.0047562425683709865,0.008323424494649227,0.006539833531510107,0.0,0.0023781212841854932,0.00535077288941736,0.025564803804994055,0.014268727705112961,0.048156956004756245,0.00535077288941736,0.0011890606420927466,0.0011890606420927466,0.0005945303210463733,0
163,134,5630269000,2124750.0,2124750.0,9.25,9.25,13.0,0,,0,0.7115384615384616,0.0,0.019230769230769232,0.057692307692307696,0.0,0.057692307692307696,0.019230769230769232,0.0,0.0,0.019230769230769232,0.038461538461538464,0.0,0.057692307692307696,0.0,0.019230769230769232,0.0,0.0,0
164,200001,1374540000,5022500.0,5022500.0,28.75,28.5,26.333333333333332,0,,0,0.7278481012658228,0.0,0.006329113924050633,0.06329113924050633,0.0,0.0189873417721519,0.02531645569620253,0.012658227848101266,0.0,0.0379746835443038,0.0189873417721519,0.0,0.06329113924050633,0.006329113924050633,0.006329113924050633,0.0,0.0,1
165,88,6582203000,25815120.0,19795576.923076924,78.65384615384616,73.03846153846153,94.8076923076923,1,0.0004415011037527594,1,0.8296146044624746,0.0,0.008113590263691683,0.034482758620689655,0.007302231237322515,0.009330628803245436,0.010547667342799188,0.0008113590263691683,0.002839756592292089,0.005679513184584178,0.023529411764705882,0.011359026369168357,0.04949290060851927,0.005679513184584178,0.00040567951318458417,0.00040567951318458417,0.00040567951318458417,0
166,149,3989927000,11891750.0,15943666.666666666,62.0,61.0,80.0,0,,0,0.775,0.0,0.004166666666666667,0.029166666666666667,0.0,0.05416666666666667,0.0125,0.0,0.0,0.0125,0.020833333333333332,0.0375,0.04583333333333333,0.004166666666666667,0.004166666666666667,0.0,0.0,0
167,105,2558060000,40198800.0,39084200.0,152.8,140.8,183.6,0,0.0023952095808383233,1,0.8322440087145969,0.0,0.006535947712418301,0.03812636165577342,0.010893246187363835,0.002178649237472767,0.013071895424836602,0.0032679738562091504,0.0010893246187363835,0.007625272331154684,0.013071895424836602,0.014161220043572984,0.049019607843137254,0.002178649237472767,0.0010893246187363835,0.002178649237472767,0.0010893246187363835,1
168,20,6654639000,22160240.0,23574526.315789472,100.38888888888889,91.44444444444444,115.52631578947368,1,0.0014932802389248383,1,0.8232346241457859,0.0009111617312072893,0.009567198177676537,0.03507972665148064,0.00683371298405467,0.009111617312072893,0.010478359908883827,0.0018223234624145787,0.00045558086560364467,0.00592255125284738,0.02460136674259681,0.011389521640091117,0.04829157175398633,0.008656036446469248,0.001366742596810934,0.001366742596810934,0.0009111617312072893,0
169,200011,9441269000,22971181.818181816,14867090.909090908,59.09090909090909,57.36363636363637,77.0909090909091,0,0.0013227513227513227,0,0.7665094339622641,0.0011792452830188679,0.02830188679245283,0.03773584905660377,0.01179245283018868,0.031839622641509434,0.012971698113207548,0.003537735849056604,0.0011792452830188679,0.009433962264150943,0.02122641509433962,0.015330188679245283,0.04363207547169811,0.007075471698113208,0.003537735849056604,0.0011792452830188679,0.0011792452830188679,1
170,200006,6362670000,8061181.818181818,6111142.857142857,25.80952380952381,24.761904761904763,35.23809523809524,1,0.002976190476190476,0,0.7324324324324324,0.0,0.025675675675675677,0.052702702702702706,0.0,0.0918918918918919,0.021621621621621623,0.002702702702702703,0.0013513513513513514,0.002702702702702703,0.022972972972972974,0.010810810810810811,0.02837837837837838,0.0013513513513513514,0.002702702702702703,0.002702702702702703,0.0,0
171,100023,2796087000,21350333.333333332,10269600.0,40.7,39.6,49.4,0,,1,0.8238866396761133,0.0,0.004048582995951417,0.04048582995951417,0.018218623481781375,0.012145748987854251,0.010121457489878543,0.0,0.0020242914979757085,0.004048582995951417,0.022267206477732792,0.02834008097165992,0.020242914979757085,0.006072874493927126,0.0020242914979757085,0.0,0.0020242914979757085,1
172,100013,3817043000,25424785.714285713,19799928.57142857,87.0,82.23076923076923,99.42857142857143,1,0.0015503875968992248,1,0.8125,0.0,0.010775862068965518,0.03807471264367816,0.009339080459770116,0.028017241379310345,0.009339080459770116,0.0021551724137931034,0.0014367816091954023,0.005028735632183908,0.022270114942528736,0.020114942528735632,0.028017241379310345,0.00646551724137931,0.0028735632183908046,0.0014367816091954023,0.0007183908045977011,1
173,142,5485478000,20266880.0,29529687.5,117.1875,108.625,140.0,0,0.0024307243558580457,1,0.8370535714285714,0.0,0.005803571428571429,0.033928571428571426,0.009821428571428571,0.0013392857142857143,0.009821428571428571,0.0013392857142857143,0.0004464285714285714,0.00625,0.022321428571428572,0.0125,0.049553571428571426,0.006696428571428571,0.0004464285714285714,0.002232142857142857,0.0004464285714285714,0
174,56,5871144000,11728476.19047619,8428285.714285715,36.7,35.1,45.476190476190474,0,0.0011627906976744186,1,0.768586387434555,0.0,0.007329842931937173,0.05130890052356021,0.010471204188481676,0.019895287958115182,0.012565445026178011,0.004188481675392671,0.005235602094240838,0.009424083769633508,0.020942408376963352,0.02198952879581152,0.05130890052356021,0.009424083769633508,0.005235602094240838,0.0010471204188481676,0.0010471204188481676,0
175,127,6556103000,30699833.333333332,25992764.70588235,104.6470588235294,98.11764705882354,125.0,1,0.0010188487009679063,1,0.8371764705882353,0.0,0.007058823529411765,0.03529411764705882,0.008470588235294117,0.0009411764705882353,0.011764705882352941,0.00047058823529411766,0.0042352941176470585,0.0075294117647058826,0.02447058823529412,0.01223529411764706,0.04376470588235294,0.005647058823529412,0.0,0.0009411764705882353,0.0,0
176,300009,8745763000,20946850.0,19598666.666666668,79.27777777777777,73.61111111111111,95.61111111111111,1,0.0013029315960912053,1,0.8291690877396862,0.0,0.008715862870424172,0.023823358512492735,0.004648460197559558,0.0,0.008715862870424172,0.0,0.0005810575246949448,0.003486345148169669,0.02556653108657757,0.01220220801859384,0.07669959325973272,0.004067402672864613,0.0005810575246949448,0.0011621150493898896,0.0005810575246949448,0
177,36,9348260000,21918722.222222224,14003350.0,64.33333333333333,60.166666666666664,69.95,1,0.00078125,1,0.827734095782702,0.0,0.008577555396711936,0.030736240171551108,0.002144388849177984,0.024303073624017155,0.012151536812008578,0.0,0.0007147962830593281,0.0028591851322373124,0.016440314510364547,0.02501786990707648,0.03788420300214439,0.005003573981415297,0.005003573981415297,0.0007147962830593281,0.0007147962830593281,0
178,10,4472293000,18309444.444444444,27584833.333333332,112.16666666666667,104.66666666666667,132.5,0,,1,0.8465408805031447,0.0,0.005031446540880503,0.03773584905660377,0.00880503144654088,0.0012578616352201257,0.013836477987421384,0.0012578616352201257,0.0025157232704402514,0.00880503144654088,0.011320754716981131,0.01509433962264151,0.04654088050314465,0.0012578616352201257,0.0,0.0,0.0,0
179,37,8170806000,20025722.222222224,23568666.666666668,100.85714285714286,93.0,112.13333333333334,0,0.0019442644199611147,1,0.8394768133174791,0.0,0.006539833531510107,0.034482758620689655,0.0077288941736028535,0.0023781212841854932,0.0077288941736028535,0.0017835909631391202,0.0023781212841854932,0.00535077288941736,0.021997621878715814,0.019619500594530322,0.044589774078478,0.002972651605231867,0.0005945303210463733,0.0017835909631391202,0.0005945303210463733,0
180,300022,8878630000,12389777.777777778,8083818.181818182,33.09090909090909,32.45454545454545,40.54545454545455,0,,1,0.8161434977578476,0.0,0.011210762331838564,0.033632286995515695,0.002242152466367713,0.0,0.011210762331838564,0.002242152466367713,0.006726457399103139,0.008968609865470852,0.020179372197309416,0.02466367713004484,0.05605381165919283,0.006726457399103139,0.0,0.0,0.0,0
181,49,9265922000,22545300.0,21381400.0,87.8,81.9,109.1,0,0.004016064257028112,1,0.8047662694775435,0.0009165902841429881,0.006416131989000917,0.044912923923006415,0.012832263978001834,0.01008249312557287,0.00916590284142988,0.002749770852428964,0.0,0.005499541704857928,0.025664527956003668,0.02016498625114574,0.04307974335472044,0.007332722273143905,0.0018331805682859762,0.0036663611365719525,0.0009165902841429881,0
182,300021,5997748000,40127977.27272727,16980362.068965517,65.79310344827586,61.87931034482759,80.32758620689656,1,0.001207437816952427,1,0.8190598840952994,0.000214638334406525,0.0077269800386349004,0.03305430349860485,0.003648851684910925,0.0010731916720326251,0.0094440867138871,0.00128783000643915,0.0015024683408456751,0.0038634900193174502,0.022966301781498177,0.019102811762180726,0.0721184803605924,0.0034342133505044,0.000214638334406525,0.0010731916720326251,0.000214638334406525,0
183,200004,5655226000,26946560.0,15323678.57142857,67.0,63.69230769230769,76.07142857142857,0,0.0005162622612287042,1,0.8178403755868544,0.0,0.02535211267605634,0.0323943661971831,0.013145539906103286,0.00046948356807511736,0.011737089201877934,0.0032863849765258214,0.0014084507042253522,0.008450704225352112,0.03145539906103286,0.009859154929577466,0.03990610328638498,0.004225352112676056,0.0,0.00046948356807511736,0.0,0
184,300005,13569592000,12705000.0,12705000.0,52.0,50.666666666666664,65.66666666666667,1,0.0029239766081871343,1,0.7918781725888325,0.0,0.01015228426395939,0.03807106598984772,0.0,0.005076142131979695,0.007614213197969543,0.0,0.0025380710659898475,0.0,0.02284263959390863,0.02030456852791878,0.08883248730964467,0.005076142131979695,0.0025380710659898475,0.0025380710659898475,0.0025380710659898475,0
185,100017,6815613000,11956000.0,11956000.0,52.0,51.0,75.0,0,,0,0.6933333333333334,0.0,0.013333333333333334,0.04,0.0,0.18666666666666668,0.0,0.0,0.0,0.0,0.013333333333333334,0.0,0.02666666666666667,0.0,0.0,0.0,0.0,1
186,300020,4197945000,19838333.333333332,19838333.333333332,80.66666666666667,75.33333333333333,98.66666666666667,1,0.007575757575757576,1,0.8175675675675675,0.0,0.0033783783783783786,0.02364864864864865,0.0033783783783783786,0.0,0.010135135135135136,0.0,0.0,0.006756756756756757,0.033783783783783786,0.02702702702702703,0.060810810810810814,0.006756756756756757,0.0,0.006756756756756757,0.0,0
187,63,3398942000,22988000.0,22988000.0,87.0,83.0,107.0,1,,0,0.8130841121495327,0.0,0.028037383177570093,0.018691588785046728,0.0,0.04672897196261682,0.0,0.009345794392523364,0.0,0.009345794392523364,0.009345794392523364,0.0,0.056074766355140186,0.0,0.009345794392523364,0.0,0.0,0
188,65,6143714000,27073458.333333332,23050478.260869566,96.04545454545455,89.68181818181819,110.6086956521739,0,,1,0.8305817610062893,0.0,0.0066823899371069185,0.031446540880503145,0.007861635220125786,0.0031446540880503146,0.008254716981132075,0.002751572327044025,0.0023584905660377358,0.009040880503144654,0.026729559748427674,0.020833333333333332,0.04363207547169811,0.005110062893081761,0.0011792452830188679,0.0,0.00039308176100628933,0
189,121,11356036000,21601416.666666668,13536615.384615384,55.84615384615385,52.30769230769231,70.46153846153847,0,,1,0.7925764192139738,0.0,0.008733624454148471,0.0425764192139738,0.004366812227074236,0.03056768558951965,0.019650655021834062,0.0032751091703056767,0.002183406113537118,0.012008733624454149,0.021834061135371178,0.021834061135371178,0.03056768558951965,0.0032751091703056767,0.0032751091703056767,0.0,0.001091703056768559,1
190,4,5425725000,20857076.923076924,22760318.181818184,93.0909090909091,84.81818181818181,111.0,0,0.0017825311942959,1,0.8386568386568387,0.0,0.010647010647010647,0.03276003276003276,0.0085995085995086,0.001638001638001638,0.009828009828009828,0.000819000819000819,0.002457002457002457,0.004095004095004095,0.02416052416052416,0.018837018837018837,0.038902538902538905,0.004914004914004914,0.001638001638001638,0.001638001638001638,0.0004095004095004095,0
191,39,14594814000,53772633.333333336,18396355.140186917,77.68932038834951,72.39805825242719,90.01869158878505,1,0.0007857223032888091,1,0.8307724252491694,0.00031146179401993354,0.007163621262458472,0.036856312292358806,0.00757890365448505,0.013289036544850499,0.01287375415282392,0.0006229235880398671,0.0016611295681063123,0.003633720930232558,0.024916943521594685,0.012666112956810631,0.04028239202657807,0.004775747508305648,0.0014534883720930232,0.0007267441860465116,0.0004152823920265781,0
192,200012,5677437000,7986500.0,7986500.0,33.0,33.0,42.0,0,,0,0.7857142857142857,0.0,0.011904761904761904,0.011904761904761904,0.0,0.09523809523809523,0.011904761904761904,0.0,0.0,0.011904761904761904,0.0,0.03571428571428571,0.03571428571428571,0.0,0.0,0.0,0.0,0
193,62,11583356000,31558384.615384616,49013875.0,198.875,176.625,235.375,0,0.002318840579710145,1,0.8449283058948487,0.0,0.011152416356877323,0.0323951141795008,0.004779607010090282,0.0005310674455655868,0.010621348911311737,0.0010621348911311736,0.0015932023366967605,0.005841741901221455,0.020711630377057887,0.018056293149229952,0.040892193308550186,0.0053106744556558685,0.0,0.002124269782262347,0.0,0
194,12,6307591000,30748727.272727273,27452555.555555556,96.33333333333333,90.22222222222223,118.22222222222223,1,0.002036659877800407,1,0.8148496240601504,0.0009398496240601503,0.008458646616541353,0.043233082706766915,0.004699248120300752,0.019736842105263157,0.010338345864661654,0.0009398496240601503,0.002819548872180451,0.006578947368421052,0.017857142857142856,0.012218045112781954,0.039473684210526314,0.005639097744360902,0.006578947368421052,0.0018796992481203006,0.0018796992481203006,1
195,83,10725778000,23734000.0,10747607.142857144,45.74074074074074,43.48148148148148,53.42857142857143,0,0.002173913043478261,1,0.8255347593582888,0.0,0.0066844919786096255,0.03877005347593583,0.009358288770053475,0.01270053475935829,0.008689839572192513,0.001336898395721925,0.0006684491978609625,0.007352941176470588,0.01871657754010695,0.012032085561497326,0.046122994652406414,0.0066844919786096255,0.00267379679144385,0.002005347593582888,0.0006684491978609625,0
196,109,7603067000,12644857.142857144,14780250.0,59.75,56.583333333333336,71.75,1,,0,0.8327526132404182,0.0011614401858304297,0.005807200929152149,0.03948896631823461,0.013937282229965157,0.008130081300813009,0.013937282229965157,0.0011614401858304297,0.0011614401858304297,0.006968641114982578,0.018583042973286876,0.013937282229965157,0.026713124274099883,0.011614401858304297,0.003484320557491289,0.0,0.0011614401858304297,0
197,123,8656503000,10538285.714285715,4160250.0,18.75,18.625,24.5,0,,0,0.7653061224489796,0.0,0.00510204081632653,0.030612244897959183,0.0,0.07142857142857142,0.02040816326530612,0.0,0.0,0.00510204081632653,0.04081632653061224,0.025510204081632654,0.025510204081632654,0.00510204081632653,0.00510204081632653,0.0,0.0,0
198,200022,7663994000,9812222.222222222,11066000.0,43.5,41.25,57.0,0,0.0024271844660194173,0,0.7631578947368421,0.0,0.021929824561403508,0.041666666666666664,0.0,0.07456140350877193,0.02412280701754386,0.0,0.0,0.0043859649122807015,0.010964912280701754,0.013157894736842105,0.03508771929824561,0.0043859649122807015,0.0043859649122807015,0.0021929824561403508,0.0,0
199,13,10320877000,22170793.103448275,9276454.545454545,38.78787878787879,36.666666666666664,50.121212121212125,1,,0,0.7738814993954051,0.0012091898428053204,0.008464328899637243,0.04534461910519952,0.0048367593712212815,0.044740024183796856,0.021160822249093107,0.0024183796856106408,0.0036275695284159614,0.008464328899637243,0.022370012091898428,0.019347037484885126,0.034461910519951636,0.0048367593712212815,0.0036275695284159614,0.0,0.0012091898428053204,0
200,200019,4858277000,11835000.0,11900200.0,49.5,48.5,63.9,0,,0,0.7746478873239436,0.001564945226917058,0.026604068857589983,0.04538341158059468,0.009389671361502348,0.01564945226917058,0.018779342723004695,0.0,0.00782472613458529,0.004694835680751174,0.028169014084507043,0.012519561815336464,0.04381846635367762,0.004694835680751174,0.004694835680751174,0.0,0.001564945226917058,0
201,14,11451616000,21501714.285714287,27435818.181818184,111.81818181818181,104.72727272727273,130.1818181818182,0,0.0014958863126402393,1,0.8589385474860335,0.0,0.008379888268156424,0.029329608938547486,0.008379888268156424,0.0006983240223463687,0.00558659217877095,0.0,0.0013966480446927375,0.004189944134078212,0.023743016759776536,0.013268156424581005,0.03770949720670391,0.006983240223463687,0.0,0.0013966480446927375,0.0,0
202,21,5941613000,23914200.0,29985750.0,124.75,114.5,147.25,0,0.001838235294117647,1,0.8471986417657046,0.0,0.003395585738539898,0.03735144312393888,0.010186757215619695,0.0,0.010186757215619695,0.001697792869269949,0.003395585738539898,0.003395585738539898,0.015280135823429542,0.013582342954159592,0.04584040747028863,0.006791171477079796,0.0,0.001697792869269949,0.0,0
203,66,10854079000,17630333.333333332,12146714.285714285,52.25,50.35,61.333333333333336,1,,1,0.8113354037267081,0.0,0.006211180124223602,0.034161490683229816,0.006987577639751553,0.02717391304347826,0.014751552795031056,0.0015527950310559005,0.0,0.0038819875776397515,0.029503105590062112,0.018633540372670808,0.040372670807453416,0.002329192546583851,0.002329192546583851,0.0,0.0007763975155279503,0
204,91,10024583000,39702250.0,70794000.0,286.6666666666667,237.77777777777777,334.8888888888889,0,0.0010760401721664275,1,0.8560053085600531,0.0,0.007962840079628402,0.029860650298606503,0.0072992700729927005,0.0016589250165892503,0.01028533510285335,0.00033178500331785003,0.0016589250165892503,0.003981420039814201,0.021234240212342402,0.013934970139349702,0.0411413404114134,0.0029860650298606504,0.00033178500331785003,0.0009953550099535502,0.00033178500331785003,0
205,94,11431432000,6047833.333333333,6047833.333333333,24.333333333333332,24.333333333333332,31.166666666666668,1,,0,0.7807486631016043,0.0,0.0053475935828877,0.06417112299465241,0.0,0.06417112299465241,0.016042780748663103,0.0053475935828877,0.0053475935828877,0.0106951871657754,0.016042780748663103,0.0053475935828877,0.0213903743315508,0.0,0.0053475935828877,0.0,0.0,0
206,137,10658137000,9461000.0,12675666.666666666,51.333333333333336,49.666666666666664,69.66666666666667,0,,1,0.7368421052631579,0.0,0.004784688995215311,0.05741626794258373,0.0,0.04784688995215311,0.023923444976076555,0.0,0.0,0.004784688995215311,0.019138755980861243,0.03827751196172249,0.03827751196172249,0.004784688995215311,0.019138755980861243,0.0,0.004784688995215311,0
207,72,10761172000,20059000.0,20059000.0,85.0,82.0,117.0,1,0.009523809523809525,0,0.7264957264957265,0.0,0.008547008547008548,0.042735042735042736,0.0,0.08547008547008547,0.008547008547008548,0.0,0.0,0.0,0.02564102564102564,0.02564102564102564,0.05128205128205128,0.0,0.017094017094017096,0.008547008547008548,0.0,0
208,74,6153707000,26303480.0,25961304.347826086,109.0909090909091,101.27272727272727,125.52173913043478,1,0.00037678975131876413,1,0.8313127814340145,0.00034638032559750607,0.008659508139937652,0.02909594735019051,0.010737790093522688,0.007620367163145133,0.008659508139937652,0.00034638032559750607,0.0013855213023900243,0.005888465535157603,0.027710426047800486,0.01489435400069276,0.046761343955663316,0.004502944232767579,0.0010391409767925182,0.00034638032559750607,0.0006927606511950121,0
209,300016,8711721000,17712357.14285714,10908615.384615384,48.583333333333336,45.916666666666664,56.53846153846154,0,0.0015360983102918587,1,0.7931972789115647,0.0,0.005442176870748299,0.034013605442176874,0.006802721088435374,0.0027210884353741495,0.012244897959183673,0.0027210884353741495,0.006802721088435374,0.005442176870748299,0.03537414965986395,0.014965986394557823,0.0761904761904762,0.0,0.0013605442176870747,0.0013605442176870747,0.0013605442176870747,0
210,151,3678134000,32761000.0,32761000.0,138.0,132.0,163.0,0,,1,0.8466257668711656,0.0,0.006134969325153374,0.04294478527607362,0.0,0.0,0.006134969325153374,0.012269938650306749,0.0,0.024539877300613498,0.012269938650306749,0.018404907975460124,0.024539877300613498,0.006134969325153374,0.0,0.0,0.0,0
211,200015,7571159000,6674818.181818182,5408000.0,25.8,24.7,31.727272727272727,0,0.0031545741324921135,0,0.7392550143266475,0.0,0.02865329512893983,0.05157593123209169,0.0,0.06303724928366762,0.02005730659025788,0.0028653295128939827,0.0,0.011461318051575931,0.03724928366762178,0.0057306590257879654,0.02865329512893983,0.0028653295128939827,0.0,0.0028653295128939827,0.0,1
212,129,1446385000,18464166.666666668,11500571.42857143,55.166666666666664,51.166666666666664,58.857142857142854,0,0.0026455026455026454,1,0.8033980582524272,0.0,0.01699029126213592,0.03640776699029126,0.019417475728155338,0.0048543689320388345,0.012135922330097087,0.0024271844660194173,0.0048543689320388345,0.012135922330097087,0.02669902912621359,0.02669902912621359,0.01699029126213592,0.0048543689320388345,0.0024271844660194173,0.0024271844660194173,0.0024271844660194173,1
213,76,4913035000,12322285.714285715,14432833.333333334,35.333333333333336,34.5,45.333333333333336,0,0.004048582995951417,0,0.7794117647058824,0.0,0.007352941176470588,0.04411764705882353,0.0,0.05514705882352941,0.022058823529411766,0.0,0.003676470588235294,0.0,0.014705882352941176,0.011029411764705883,0.04779411764705882,0.007352941176470588,0.003676470588235294,0.003676470588235294,0.0,0
214,2,6039634000,18610500.0,26701000.0,107.85714285714286,97.28571428571429,128.42857142857142,1,,1,0.8398220244716351,0.0,0.006674082313681869,0.0389321468298109,0.014460511679644048,0.0,0.012235817575083427,0.004449388209121246,0.0033370411568409346,0.006674082313681869,0.014460511679644048,0.02224694104560623,0.03225806451612903,0.004449388209121246,0.0,0.0,0.0,0
215,100002,13864787000,9604600.0,12071000.0,48.75,46.5,54.5,1,,1,0.8944954128440367,0.0,0.0,0.027522935779816515,0.009174311926605505,0.013761467889908258,0.0045871559633027525,0.0,0.0,0.0,0.022935779816513763,0.0045871559633027525,0.022935779816513763,0.0,0.0,0.0,0.0,0
216,100018,9565527000,15272894.736842105,11591238.095238095,50.1,48.15,61.333333333333336,0,,0,0.7779503105590062,0.0015527950310559005,0.006987577639751553,0.033385093167701864,0.006987577639751553,0.062111801242236024,0.013198757763975156,0.002329192546583851,0.0007763975155279503,0.006987577639751553,0.02406832298136646,0.017857142857142856,0.03571428571428571,0.005434782608695652,0.003105590062111801,0.0,0.0015527950310559005,0
217,80,5057743000,8261000.0,7392083.333333333,30.583333333333332,30.0,39.5,1,,0,0.7742616033755274,0.0,0.008438818565400843,0.04852320675105485,0.0,0.046413502109704644,0.016877637130801686,0.002109704641350211,0.004219409282700422,0.012658227848101266,0.027426160337552744,0.0189873417721519,0.023206751054852322,0.008438818565400843,0.008438818565400843,0.0,0.0,0
218,145,8840288000,19548117.647058822,18954733.333333332,80.64285714285714,76.21428571428571,89.8,1,,1,0.838158871566444,0.0,0.005939123979213066,0.031180400890868598,0.008908685968819599,0.0,0.011135857461024499,0.0022271714922048997,0.0022271714922048997,0.008908685968819599,0.0200445434298441,0.025241276911655532,0.04528582034149963,0.0007423904974016332,0.0,0.0,0.0,0
219,50,6518630000,15856500.0,15856500.0,62.875,60.375,81.375,1,0.0033333333333333335,1,0.7726574500768049,0.0,0.004608294930875576,0.03840245775729647,0.0030721966205837174,0.05683563748079877,0.009216589861751152,0.004608294930875576,0.0030721966205837174,0.013824884792626729,0.018433179723502304,0.013824884792626729,0.041474654377880185,0.010752688172043012,0.004608294930875576,0.0030721966205837174,0.0015360983102918587,0
220,45,7005587000,17290619.04761905,22787125.0,98.93333333333334,91.06666666666666,111.0,1,,1,0.8355855855855856,0.0,0.00731981981981982,0.0365990990990991,0.010135135135135136,0.00731981981981982,0.010698198198198198,0.0022522522522522522,0.0016891891891891893,0.008445945945945946,0.02421171171171171,0.012387387387387387,0.03772522522522523,0.002815315315315315,0.0022522522522522522,0.0,0.0005630630630630631,0
221,57,7585347000,6801000.0,10356000.0,46.0,44.5,56.0,0,,0,0.8214285714285714,0.0,0.017857142857142856,0.03571428571428571,0.0,0.05357142857142857,0.017857142857142856,0.008928571428571428,0.0,0.008928571428571428,0.0,0.0,0.026785714285714284,0.008928571428571428,0.0,0.0,0.0,0
222,200021,6105419000,24089444.444444444,17466352.94117647,76.6875,73.25,88.3529411764706,1,0.0007309941520467836,1,0.8169107856191744,0.0,0.02330226364846871,0.03595206391478029,0.017310252996005325,0.007323568575233023,0.013315579227696404,0.0013315579227696406,0.0019973368841544607,0.005992010652463382,0.019973368841544607,0.012649800266311585,0.03661784287616511,0.002663115845539281,0.0019973368841544607,0.0006657789613848203,0.0006657789613848203,1
223,119,16317441000,6153285.714285715,7240166.666666667,28.833333333333332,28.833333333333332,37.166666666666664,1,0.004830917874396135,0,0.7757847533632287,0.0,0.004484304932735426,0.04932735426008968,0.0,0.04035874439461883,0.008968609865470852,0.004484304932735426,0.004484304932735426,0.013452914798206279,0.02242152466367713,0.017937219730941704,0.03139013452914798,0.013452914798206279,0.008968609865470852,0.004484304932735426,0.0,0
224,100001,3870739000,28044000.0,8889500.0,33.25,33.0,46.75,1,0.006024096385542169,0,0.7112299465240641,0.0,0.0106951871657754,0.058823529411764705,0.0,0.0748663101604278,0.0374331550802139,0.0,0.0,0.0053475935828877,0.016042780748663103,0.0106951871657754,0.0427807486631016,0.0053475935828877,0.0106951871657754,0.0053475935828877,0.0,1
